ref	word	lemma	morph
Mal 1:1	מַשָּׂ֥א	4853 b	HNcmsa
Mal 1:1	דְבַר	1697	HNcmsc
Mal 1:1	יְהוָ֖ה	3068	HNp
Mal 1:1	אֶל	413	HR
Mal 1:1	יִשְׂרָאֵ֑ל	3478	HNp
Mal 1:1	בְּ/יַ֖ד	b/3027	HR/Ncbsc
Mal 1:1	מַלְאָכִֽי	4401	HNp
Mal 1:2	אָהַ֤בְתִּי	157	HVqp1cs
Mal 1:2	אֶתְ/כֶם֙	853	HTo/Sp2mp
Mal 1:2	אָמַ֣ר	559	HVqp3ms
Mal 1:2	יְהוָ֔ה	3068	HNp
Mal 1:2	וַ/אֲמַרְתֶּ֖ם	c/559	HC/Vqp2mp
Mal 1:2	בַּ/מָּ֣ה	b/4100	HR/Ti
Mal 1:2	אֲהַבְתָּ֑/נוּ	157	HVqp2ms/Sp1cp
Mal 1:2	הֲ/לוֹא	i/3808	HTi/Tn
Mal 1:2	אָ֨ח	251	HNcmsa
Mal 1:2	עֵשָׂ֤ו	6215	HNp
Mal 1:2	לְ/יַֽעֲקֹב֙	l/3290	HR/Np
Mal 1:2	נְאֻם	5002	HNcmsc
Mal 1:2	יְהוָ֔ה	3068	HNp
Mal 1:2	וָ/אֹהַ֖ב	c/157	HC/Vqw1cs
Mal 1:2	אֶֽת	853	HTo
Mal 1:2	יַעֲקֹֽב	3290	HNp
Mal 1:3	וְ/אֶת	c/853	HC/To
Mal 1:3	עֵשָׂ֖ו	6215	HNp
Mal 1:3	שָׂנֵ֑אתִי	8130	HVqp1cs
Mal 1:3	וָ/אָשִׂ֤ים	c/7760 a	HC/Vqw1cs
Mal 1:3	אֶת	853	HTo
Mal 1:3	הָרָי/ו֙	2022	HNcmpc/Sp3ms
Mal 1:3	שְׁמָמָ֔ה	8077 a	HNcfsa
Mal 1:3	וְ/אֶת	c/853	HC/To
Mal 1:3	נַחֲלָת֖/וֹ	5159	HNcfsc/Sp3ms
Mal 1:3	לְ/תַנּ֥וֹת	l/8568	HR/Ncbpc
Mal 1:3	מִדְבָּֽר	4057 b	HNcmsa
Mal 1:4	כִּֽי	3588 a	HC
Mal 1:4	תֹאמַ֨ר	559	HVqi3fs
Mal 1:4	אֱד֜וֹם	123	HNp
Mal 1:4	רֻשַּׁ֗שְׁנוּ	7567	HVPp1cp
Mal 1:4	וְ/נָשׁוּב֙	c/7725	HC/Vqi1cp
Mal 1:4	וְ/נִבְנֶ֣ה	c/1129	HC/Vqi1cp
Mal 1:4	חֳרָב֔וֹת	2723	HNcfpa
Mal 1:4	כֹּ֤ה	3541	HD
Mal 1:4	אָמַר֙	559	HVqp3ms
Mal 1:4	יְהוָ֣ה	3068	HNp
Mal 1:4	צְבָא֔וֹת	6635 b	HNcbpa
Mal 1:4	הֵ֥מָּה	1992	HPp3mp
Mal 1:4	יִבְנ֖וּ	1129	HVqi3mp
Mal 1:4	וַ/אֲנִ֣י	c/589	HC/Pp1cs
Mal 1:4	אֶהֱר֑וֹס	2040	HVqi1cs
Mal 1:4	וְ/קָרְא֤וּ	c/7121	HC/Vqq3cp
Mal 1:4	לָ/הֶם֙	l	HR/Sp3mp
Mal 1:4	גְּב֣וּל	1366	HNcmsc
Mal 1:4	רִשְׁעָ֔ה	7564	HNcfsa
Mal 1:4	וְ/הָ/עָ֛ם	c/d/5971 a	HC/Td/Ncmsa
Mal 1:4	אֲשֶׁר	834 a	HTr
Mal 1:4	זָעַ֥ם	2194	HVqp3ms
Mal 1:4	יְהוָ֖ה	3068	HNp
Mal 1:4	עַד	5704	HR
Mal 1:4	עוֹלָֽם	5769	HNcmsa
Mal 1:5	וְ/עֵינֵי/כֶ֖ם	c/5869 a	HC/Ncbdc/Sp2mp
Mal 1:5	תִּרְאֶ֑ינָה	7200	HVqi3fp
Mal 1:5	וְ/אַתֶּ֤ם	c/859 d	HC/Pp2mp
Mal 1:5	תֹּֽאמְרוּ֙	559	HVqi2mp
Mal 1:5	יִגְדַּ֣ל	1431	HVqj3ms
Mal 1:5	יְהוָ֔ה	3068	HNp
Mal 1:5	מֵ/עַ֖ל	m/5921 a	HR/R
Mal 1:5	לִ/גְב֥וּל	l/1366	HR/Ncmsc
Mal 1:5	יִשְׂרָאֵֽל	3478	HNp
Mal 1:6	בֵּ֛ן	1121 a	HNcmsa
Mal 1:6	יְכַבֵּ֥ד	3513	HVpi3ms
Mal 1:6	אָ֖ב	1	HNcmsa
Mal 1:6	וְ/עֶ֣בֶד	c/5650	HC/Ncmsa
Mal 1:6	אֲדֹנָ֑י/ו	113	HNcmpc/Sp3ms
Mal 1:6	וְ/אִם	c/518 a	HC/C
Mal 1:6	אָ֣ב	1	HNcmsa
Mal 1:6	אָ֣נִי	589	HPp1cs
Mal 1:6	אַיֵּ֣ה	346	HTi
Mal 1:6	כְבוֹדִ֡/י	3519	HNcbsc/Sp1cs
Mal 1:6	וְ/אִם	c/518 a	HC/C
Mal 1:6	אֲדוֹנִ֣ים	113	HNcmpa
Mal 1:6	אָנִי֩	589	HPp1cs
Mal 1:6	אַיֵּ֨ה	346	HTi
Mal 1:6	מוֹרָאִ֜/י	4172 a	HNcmsc/Sp1cs
Mal 1:6	אָמַ֣ר	559	HVqp3ms
Mal 1:6	יְהוָ֣ה	3068	HNp
Mal 1:6	צְבָא֗וֹת	6635 b	HNcbpa
Mal 1:6	לָ/כֶם֙	l	HR/Sp2mp
Mal 1:6	הַ/כֹּֽהֲנִים֙	d/3548	HTd/Ncmpa
Mal 1:6	בּוֹזֵ֣י	959	HVqrmpc
Mal 1:6	שְׁמִ֔/י	8034	HNcmsc/Sp1cs
Mal 1:6	וַ/אֲמַרְתֶּ֕ם	c/559	HC/Vqq2mp
Mal 1:6	בַּ/מֶּ֥ה	b/4100	HR/Ti
Mal 1:6	בָזִ֖ינוּ	959	HVqp1cp
Mal 1:6	אֶת	853	HTo
Mal 1:6	שְׁמֶֽ/ךָ	8034	HNcmsc/Sp2ms
Mal 1:7	מַגִּישִׁ֤ים	5066	HVhrmpa
Mal 1:7	עַֽל	5921 a	HR
Mal 1:7	מִזְבְּחִ/י֙	4196	HNcmsc/Sp1cs
Mal 1:7	לֶ֣חֶם	3899	HNcbsa
Mal 1:7	מְגֹאָ֔ל	1351	HVPsmsa
Mal 1:7	וַ/אֲמַרְתֶּ֖ם	c/559	HC/Vqq2mp
Mal 1:7	בַּ/מֶּ֣ה	b/4100	HR/Ti
Mal 1:7	גֵֽאַלְנ֑וּ/ךָ	1351	HVpp1cp/Sp2ms
Mal 1:7	בֶּ/אֱמָרְ/כֶ֕ם	b/559	HR/Vqc/Sp2mp
Mal 1:7	שֻׁלְחַ֥ן	7979	HNcmsc
Mal 1:7	יְהוָ֖ה	3068	HNp
Mal 1:7	נִבְזֶ֥ה	959	HVNrmsa
Mal 1:7	הֽוּא	1931	HPp3ms
Mal 1:8	וְ/כִֽי	c/3588 a	HC/C
Mal 1:8	תַגִּשׁ֨וּ/ן	5066	HVhi2mp/Sn
Mal 1:8	עִוֵּ֤ר	5787	HAamsa
Mal 1:8	לִ/זְבֹּ֨חַ֙	l/2076	HR/Vqc
Mal 1:8	אֵ֣ין	369	HTn
Mal 1:8	רָ֔ע	7451 a	HAamsa
Mal 1:8	וְ/כִ֥י	c/3588 a	HC/C
Mal 1:8	תַגִּ֛ישׁוּ	5066	HVhi2mp
Mal 1:8	פִּסֵּ֥חַ	6455	HAamsa
Mal 1:8	וְ/חֹלֶ֖ה	c/2470 a	HC/Vqrmsa
Mal 1:8	אֵ֣ין	369	HTn
Mal 1:8	רָ֑ע	7451 a	HAamsa
Mal 1:8	הַקְרִיבֵ֨/הוּ	7126	HVhv2ms/Sp3ms
Mal 1:8	נָ֜א	4994	HTe
Mal 1:8	לְ/פֶחָתֶ֗/ךָ	l/6346	HR/Ncmsc/Sp2ms
Mal 1:8	הֲ/יִּרְצְ/ךָ֙	i/7521	HTi/Vqi3ms/Sp2ms
Mal 1:8	א֚וֹ	176 a	HC
Mal 1:8	הֲ/יִשָּׂ֣א	i/5375	HTi/Vqi3ms
Mal 1:8	פָנֶ֔י/ךָ	6440	HNcbpc/Sp2ms
Mal 1:8	אָמַ֖ר	559	HVqp3ms
Mal 1:8	יְהוָ֥ה	3068	HNp
Mal 1:8	צְבָאֽוֹת	6635 b	HNcbpa
Mal 1:9	וְ/עַתָּ֛ה	c/6258	HC/D
Mal 1:9	חַלּוּ	2470 b	HVpv2mp
Mal 1:9	נָ֥א	4994	HTe
Mal 1:9	פְנֵי	6440	HNcbpc
Mal 1:9	אֵ֖ל	410	HNcmsa
Mal 1:9	וִֽ/יחָנֵ֑/נוּ	c/2603 a	HC/Vqj3ms/Sp1cp
Mal 1:9	מִ/יֶּדְ/כֶם֙	m/3027	HR/Ncbsc/Sp2mp
Mal 1:9	הָ֣יְתָה	1961	HVqp3fs
Mal 1:9	זֹּ֔את	2063	HPdxfs
Mal 1:9	הֲ/יִשָּׂ֤א	i/5375	HTi/Vqi3ms
Mal 1:9	מִ/כֶּם֙	m/4480 a	HR/Sp2mp
Mal 1:9	פָּנִ֔ים	6440	HNcbpa
Mal 1:9	אָמַ֖ר	559	HVqp3ms
Mal 1:9	יְהוָ֥ה	3068	HNp
Mal 1:9	צְבָאֽוֹת	6635 b	HNcbpa
Mal 1:10	מִ֤י	4310	HTi
Mal 1:10	גַם	1571	HD
Mal 1:10	בָּ/כֶם֙	b	HR/Sp2mp
Mal 1:10	וְ/יִסְגֹּ֣ר	c/5462	HC/Vqj3ms
Mal 1:10	דְּלָתַ֔יִם	1817 c	HNcfda
Mal 1:10	וְ/לֹֽא	c/3808	HC/Tn
Mal 1:10	תָאִ֥ירוּ	215	HVhi2mp
Mal 1:10	מִזְבְּחִ֖/י	4196	HNcmsc/Sp1cs
Mal 1:10	חִנָּ֑ם	2600	HD
Mal 1:10	אֵֽין	369	HTn
Mal 1:10	לִ֨/י	l	HR/Sp1cs
Mal 1:10	חֵ֜פֶץ	2656	HNcmsa
Mal 1:10	בָּ/כֶ֗ם	b	HR/Sp2mp
Mal 1:10	אָמַר֙	559	HVqp3ms
Mal 1:10	יְהוָ֣ה	3068	HNp
Mal 1:10	צְבָא֔וֹת	6635 b	HNcbpa
Mal 1:10	וּ/מִנְחָ֖ה	c/4503	HC/Ncfsa
Mal 1:10	לֹֽא	3808	HTn
Mal 1:10	אֶרְצֶ֥ה	7521	HVqi1cs
Mal 1:10	מִ/יֶּדְ/כֶֽם	m/3027	HR/Ncbsc/Sp2mp
Mal 1:11	כִּ֣י	3588 a	HC
Mal 1:11	מִ/מִּזְרַח	m/4217	HR/Ncmsc
Mal 1:11	שֶׁ֜מֶשׁ	8121	HNcbsa
Mal 1:11	וְ/עַד	c/5704	HC/R
Mal 1:11	מְבוֹא֗/וֹ	3996	HNcmsc/Sp3ms
Mal 1:11	גָּד֤וֹל	1419 a	HAamsa
Mal 1:11	שְׁמִ/י֙	8034	HNcmsc/Sp1cs
Mal 1:11	בַּ/גּוֹיִ֔ם	b/1471 a	HRd/Ncmpa
Mal 1:11	וּ/בְ/כָל	c/b/3605	HC/R/Ncmsc
Mal 1:11	מָק֗וֹם	4725	HNcmsa
Mal 1:11	מֻקְטָ֥ר	6999 b	HVHsmsa
Mal 1:11	מֻגָּ֛שׁ	5066	HVHsmsa
Mal 1:11	לִ/שְׁמִ֖/י	l/8034	HR/Ncmsc/Sp1cs
Mal 1:11	וּ/מִנְחָ֣ה	c/4503	HC/Ncfsa
Mal 1:11	טְהוֹרָ֑ה	2889	HAafsa
Mal 1:11	כִּֽי	3588 a	HC
Mal 1:11	גָד֤וֹל	1419 a	HAamsa
Mal 1:11	שְׁמִ/י֙	8034	HNcmsc/Sp1cs
Mal 1:11	בַּ/גּוֹיִ֔ם	b/1471 a	HRd/Ncmpa
Mal 1:11	אָמַ֖ר	559	HVqp3ms
Mal 1:11	יְהוָ֥ה	3068	HNp
Mal 1:11	צְבָאֽוֹת	6635 b	HNcbpa
Mal 1:12	וְ/אַתֶּ֖ם	c/859 d	HC/Pp2mp
Mal 1:12	מְחַלְּלִ֣ים	2490 c	HVprmpa
Mal 1:12	אוֹת֑/וֹ	853	HTo/Sp3ms
Mal 1:12	בֶּ/אֱמָרְ/כֶ֗ם	b/559	HR/Vqc/Sp2mp
Mal 1:12	שֻׁלְחַ֤ן	7979	HNcmsc
Mal 1:12	אֲדֹנָ/י֙	136	HNcmpc/Sp1cs
Mal 1:12	מְגֹאָ֣ל	1351	HVPsmsa
Mal 1:12	ה֔וּא	1931	HPp3ms
Mal 1:12	וְ/נִיב֖/וֹ	c/5108 b	HC/Ncmsc/Sp3ms
Mal 1:12	נִבְזֶ֥ה	959	HVNrmsa
Mal 1:12	אָכְלֽ/וֹ	400	HNcmsc/Sp3ms
Mal 1:13	וַ/אֲמַרְתֶּם֩	c/559	HC/Vqq2mp
Mal 1:13	הִנֵּ֨ה	2009	HTm
Mal 1:13	מַ/תְּלָאָ֜ה	m/4972	HTi/Ncfsa
Mal 1:13	וְ/הִפַּחְתֶּ֣ם	c/5301	HC/Vhq2mp
Mal 1:13	אוֹת֗/וֹ	853	HTo/Sp3ms
Mal 1:13	אָמַר֙	559	HVqp3ms
Mal 1:13	יְהוָ֣ה	3068	HNp
Mal 1:13	צְבָא֔וֹת	6635 b	HNcbpa
Mal 1:13	וַ/הֲבֵאתֶ֣ם	c/935	HC/Vhq2mp
Mal 1:13	גָּז֗וּל	1497	HVqsmsa
Mal 1:13	וְ/אֶת	c/853	HC/To
Mal 1:13	הַ/פִּסֵּ֨חַ֙	d/6455	HTd/Aamsa
Mal 1:13	וְ/אֶת	c/853	HC/To
Mal 1:13	הַ֣/חוֹלֶ֔ה	d/2470 a	HTd/Vqrmsa
Mal 1:13	וַ/הֲבֵאתֶ֖ם	c/935	HC/Vhq2mp
Mal 1:13	אֶת	853	HTo
Mal 1:13	הַ/מִּנְחָ֑ה	d/4503	HTd/Ncfsa
Mal 1:13	הַ/אֶרְצֶ֥ה	i/7521	HTi/Vqi1cs
Mal 1:13	אוֹתָ֛/הּ	853	HTo/Sp3fs
Mal 1:13	מִ/יֶּדְ/כֶ֖ם	m/3027	HR/Ncbsc/Sp2mp
Mal 1:13	אָמַ֥ר	559	HVqp3ms
Mal 1:13	יְהוָֽה	3068	HNp
Mal 1:14	וְ/אָר֣וּר	c/779	HC/Vqsmsa
Mal 1:14	נוֹכֵ֗ל	5230	HVqrmsa
Mal 1:14	וְ/יֵ֤שׁ	c/3426	HC/Tm
Mal 1:14	בְּ/עֶדְר/וֹ֙	b/5739	HR/Ncmsc/Sp3ms
Mal 1:14	זָכָ֔ר	2145	HAamsa
Mal 1:14	וְ/נֹדֵ֛ר	c/5087	HC/Vqrmsa
Mal 1:14	וְ/זֹבֵ֥חַ	c/2076	HC/Vqrmsa
Mal 1:14	מָשְׁחָ֖ת	7843	HVHsmsa
Mal 1:14	לַֽ/אדֹנָ֑/י	l/136	HR/Ncmpc/Sp1cs
Mal 1:14	כִּי֩	3588 a	HC
Mal 1:14	מֶ֨לֶךְ	4428	HNcmsa
Mal 1:14	גָּד֜וֹל	1419 a	HAamsa
Mal 1:14	אָ֗נִי	589	HPp1cs
Mal 1:14	אָמַר֙	559	HVqp3ms
Mal 1:14	יְהוָ֣ה	3068	HNp
Mal 1:14	צְבָא֔וֹת	6635 b	HNcbpa
Mal 1:14	וּ/שְׁמִ֖/י	c/8034	HC/Ncmsc/Sp1cs
Mal 1:14	נוֹרָ֥א	3372	HVNrmsa
Mal 1:14	בַ/גּוֹיִֽם	b/1471 a	HRd/Ncmpa
Mal 2:1	וְ/עַתָּ֗ה	c/6258	HC/D
Mal 2:1	אֲלֵי/כֶ֛ם	413	HR/Sp2mp
Mal 2:1	הַ/מִּצְוָ֥ה	d/4687	HTd/Ncfsa
Mal 2:1	הַ/זֹּ֖את	d/2063	HTd/Pdxfs
Mal 2:1	הַ/כֹּהֲנִֽים	d/3548	HTd/Ncmpa
Mal 2:2	אִם	518 a	HC
Mal 2:2	לֹ֣א	3808	HTn
Mal 2:2	תִשְׁמְע֡וּ	8085	HVqi2mp
Mal 2:2	וְ/אִם	c/518 a	HC/C
Mal 2:2	לֹא֩	3808	HTn
Mal 2:2	תָשִׂ֨ימוּ	7760 a	HVqi2mp
Mal 2:2	עַל	5921 a	HR
Mal 2:2	לֵ֜ב	3820 a	HNcmsa
Mal 2:2	לָ/תֵ֧ת	l/5414	HR/Vqc
Mal 2:2	כָּב֣וֹד	3519	HNcbsa
Mal 2:2	לִ/שְׁמִ֗/י	l/8034	HR/Ncmsc/Sp1cs
Mal 2:2	אָמַר֙	559	HVqp3ms
Mal 2:2	יְהוָ֣ה	3068	HNp
Mal 2:2	צְבָא֔וֹת	6635 b	HNcbpa
Mal 2:2	וְ/שִׁלַּחְתִּ֤י	c/7971	HC/Vpq1cs
Mal 2:2	בָ/כֶם֙	b	HR/Sp2mp
Mal 2:2	אֶת	853	HTo
Mal 2:2	הַ/מְּאֵרָ֔ה	d/3994	HTd/Ncfsa
Mal 2:2	וְ/אָרוֹתִ֖י	c/779	HC/Vqq1cs
Mal 2:2	אֶת	853	HTo
Mal 2:2	בִּרְכֽוֹתֵי/כֶ֑ם	1293	HNcfpc/Sp2mp
Mal 2:2	וְ/גַם֙	c/1571	HC/Ta
Mal 2:2	אָרוֹתִ֔י/הָ	779	HVqp1cs/Sp3fs
Mal 2:2	כִּ֥י	3588 a	HC
Mal 2:2	אֵינְ/כֶ֖ם	369	HTn/Sp2mp
Mal 2:2	שָׂמִ֥ים	7760 a	HVqrmpa
Mal 2:2	עַל	5921 a	HR
Mal 2:2	לֵֽב	3820 a	HNcmsa
Mal 2:3	הִנְ/נִ֨י	2005	HTm/Sp1cs
Mal 2:3	גֹעֵ֤ר	1605	HVqrmsa
Mal 2:3	לָ/כֶם֙	l	HR/Sp2mp
Mal 2:3	אֶת	853	HTo
Mal 2:3	הַ/זֶּ֔רַע	d/2233	HTd/Ncmsa
Mal 2:3	וְ/זֵרִ֤יתִי	c/2219	HC/Vpq1cs
Mal 2:3	פֶ֨רֶשׁ֙	6569	HNcmsa
Mal 2:3	עַל	5921 a	HR
Mal 2:3	פְּנֵי/כֶ֔ם	6440	HNcbpc/Sp2mp
Mal 2:3	פֶּ֖רֶשׁ	6569	HNcmsc
Mal 2:3	חַגֵּי/כֶ֑ם	2282	HNcmpc/Sp2mp
Mal 2:3	וְ/נָשָׂ֥א	c/5375	HC/Vqq3ms
Mal 2:3	אֶתְ/כֶ֖ם	853	HTo/Sp2mp
Mal 2:3	אֵלָֽי/ו	413	HR/Sp3ms
Mal 2:4	וִֽ/ידַעְתֶּ֕ם	c/3045	HC/Vqq2mp
Mal 2:4	כִּ֚י	3588 a	HC
Mal 2:4	שִׁלַּ֣חְתִּי	7971	HVpp1cs
Mal 2:4	אֲלֵי/כֶ֔ם	413	HR/Sp2mp
Mal 2:4	אֵ֖ת	853	HTo
Mal 2:4	הַ/מִּצְוָ֣ה	d/4687	HTd/Ncfsa
Mal 2:4	הַ/זֹּ֑את	d/2063	HTd/Pdxfs
Mal 2:4	לִֽ/הְי֤וֹת	l/1961	HR/Vqc
Mal 2:4	בְּרִיתִ/י֙	1285	HNcfsc/Sp1cs
Mal 2:4	אֶת	854	HR
Mal 2:4	לֵוִ֔י	3878	HNp
Mal 2:4	אָמַ֖ר	559	HVqp3ms
Mal 2:4	יְהוָ֥ה	3068	HNp
Mal 2:4	צְבָאֽוֹת	6635 b	HNcbpa
Mal 2:5	בְּרִיתִ֣/י	1285	HNcfsc/Sp1cs
Mal 2:5	הָיְתָ֣ה	1961	HVqp3fs
Mal 2:5	אִתּ֗/וֹ	854	HR/Sp3ms
Mal 2:5	הַֽ/חַיִּים֙	d/2416 e	HTd/Ncmpa
Mal 2:5	וְ/הַ֨/שָּׁל֔וֹם	c/d/7965	HC/Td/Ncmsa
Mal 2:5	וָ/אֶתְּנֵֽ/ם	c/5414	HC/Vqw1cs/Sp3mp
Mal 2:5	ל֥/וֹ	l	HR/Sp3ms
Mal 2:5	מוֹרָ֖א	4172 a	HNcmsa
Mal 2:5	וַ/יִּֽירָאֵ֑/נִי	c/3372	HC/Vqw3ms/Sp1cs
Mal 2:5	וּ/מִ/פְּנֵ֥י	c/m/6440	HC/R/Ncbpc
Mal 2:5	שְׁמִ֖/י	8034	HNcmsc/Sp1cs
Mal 2:5	נִחַ֥ת	2865	HVNp3ms
Mal 2:5	הֽוּא	1931	HPp3ms
Mal 2:6	תּוֹרַ֤ת	8451	HNcfsc
Mal 2:6	אֱמֶת֙	571	HNcfsa
Mal 2:6	הָיְתָ֣ה	1961	HVqp3fs
Mal 2:6	בְּ/פִ֔י/הוּ	b/6310	HR/Ncmsc/Sp3ms
Mal 2:6	וְ/עַוְלָ֖ה	c/5766 b	HC/Ncbsa
Mal 2:6	לֹא	3808	HTn
Mal 2:6	נִמְצָ֣א	4672	HVNp3ms
Mal 2:6	בִ/שְׂפָתָ֑י/ו	b/8193	HR/Ncfdc/Sp3ms
Mal 2:6	בְּ/שָׁל֤וֹם	b/7965	HR/Ncmsa
Mal 2:6	וּ/בְ/מִישׁוֹר֙	c/b/4334	HC/R/Ncmsa
Mal 2:6	הָלַ֣ךְ	1980	HVqp3ms
Mal 2:6	אִתִּ֔/י	854	HR/Sp1cs
Mal 2:6	וְ/רַבִּ֖ים	c/7227 a	HC/Aampa
Mal 2:6	הֵשִׁ֥יב	7725	HVhp3ms
Mal 2:6	מֵ/עָוֺֽן	m/5771	HR/Ncbsa
Mal 2:7	כִּֽי	3588 a	HC
Mal 2:7	שִׂפְתֵ֤י	8193	HNcfdc
Mal 2:7	כֹהֵן֙	3548	HNcmsa
Mal 2:7	יִשְׁמְרוּ	8104	HVqi3mp
Mal 2:7	דַ֔עַת	1847	HNcfsa
Mal 2:7	וְ/תוֹרָ֖ה	c/8451	HC/Ncfsa
Mal 2:7	יְבַקְשׁ֣וּ	1245	HVpi3mp
Mal 2:7	מִ/פִּ֑י/הוּ	m/6310	HR/Ncmsc/Sp3ms
Mal 2:7	כִּ֛י	3588 a	HC
Mal 2:7	מַלְאַ֥ךְ	4397	HNcmsc
Mal 2:7	יְהוָֽה	3068	HNp
Mal 2:7	צְבָא֖וֹת	6635 b	HNcbpa
Mal 2:7	הֽוּא	1931	HPp3ms
Mal 2:8	וְ/אַתֶּם֙	c/859 d	HC/Pp2mp
Mal 2:8	סַרְתֶּ֣ם	5493	HVqp2mp
Mal 2:8	מִן	4480 a	HR
Mal 2:8	הַ/דֶּ֔רֶךְ	d/1870	HTd/Ncbsa
Mal 2:8	הִכְשַׁלְתֶּ֥ם	3782	HVhp2mp
Mal 2:8	רַבִּ֖ים	7227 a	HAampa
Mal 2:8	בַּ/תּוֹרָ֑ה	b/8451	HRd/Ncfsa
Mal 2:8	שִֽׁחַתֶּם֙	7843	HVpp2mp
Mal 2:8	בְּרִ֣ית	1285	HNcfsc
Mal 2:8	הַ/לֵּוִ֔י	d/3878	HTd/Np
Mal 2:8	אָמַ֖ר	559	HVqp3ms
Mal 2:8	יְהוָ֥ה	3068	HNp
Mal 2:8	צְבָאֽוֹת	6635 b	HNcbpa
Mal 2:9	וְ/גַם	c/1571	HC/Ta
Mal 2:9	אֲנִ֞י	589	HPp1cs
Mal 2:9	נָתַ֧תִּי	5414	HVqp1cs
Mal 2:9	אֶתְ/כֶ֛ם	853	HTo/Sp2mp
Mal 2:9	נִבְזִ֥ים	959	HVNsmpa
Mal 2:9	וּ/שְׁפָלִ֖ים	c/8217	HC/Aampa
Mal 2:9	לְ/כָל	l/3605	HR/Ncmsc
Mal 2:9	הָ/עָ֑ם	d/5971 a	HTd/Ncmsa
Mal 2:9	כְּ/פִ֗י	k/6310	HR/Ncmsc
Mal 2:9	אֲשֶׁ֤ר	834 a	HTr
Mal 2:9	אֵֽינְ/כֶם֙	369	HTn/Sp2mp
Mal 2:9	שֹׁמְרִ֣ים	8104	HVqrmpa
Mal 2:9	אֶת	853	HTo
Mal 2:9	דְּרָכַ֔/י	1870	HNcbpc/Sp1cs
Mal 2:9	וְ/נֹשְׂאִ֥ים	c/5375	HC/Vqrmpa
Mal 2:9	פָּנִ֖ים	6440	HNcbpa
Mal 2:9	בַּ/תּוֹרָֽה	b/8451	HRd/Ncfsa
Mal 2:10	הֲ/ל֨וֹא	i/3808	HTi/Tn
Mal 2:10	אָ֤ב	1	HNcmsa
Mal 2:10	אֶחָד֙	259	HAcmsa
Mal 2:10	לְ/כֻלָּ֔/נוּ	l/3605	HR/Ncmsc/Sp1cp
Mal 2:10	הֲ/ל֛וֹא	i/3808	HTi/Tn
Mal 2:10	אֵ֥ל	410	HNcmsa
Mal 2:10	אֶֽחָ֖ד	259	HAcmsa
Mal 2:10	בְּרָאָ֑/נוּ	1254 a	HVqp3ms/Sp1cp
Mal 2:10	מַדּ֗וּעַ	4069	HTi
Mal 2:10	נִבְגַּד֙	898	HVqi1cp
Mal 2:10	אִ֣ישׁ	376	HNcmsa
Mal 2:10	בְּ/אָחִ֔י/ו	b/251	HR/Ncmsc/Sp3ms
Mal 2:10	לְ/חַלֵּ֖ל	l/2490 c	HR/Vpc
Mal 2:10	בְּרִ֥ית	1285	HNcfsc
Mal 2:10	אֲבֹתֵֽי/נוּ	1	HNcmpc/Sp1cp
Mal 2:11	בָּגְדָ֣ה	898	HVqp3fs
Mal 2:11	יְהוּדָ֔ה	3063	HNp
Mal 2:11	וְ/תוֹעֵבָ֛ה	c/8441	HC/Ncfsa
Mal 2:11	נֶעֶשְׂתָ֥ה	6213 a	HVNp3fs
Mal 2:11	בְ/יִשְׂרָאֵ֖ל	b/3478	HR/Np
Mal 2:11	וּ/בִ/ירֽוּשָׁלִָ֑ם	c/b/3389	HC/R/Np
Mal 2:11	כִּ֣י	3588 a	HC
Mal 2:11	חִלֵּ֣ל	2490 c	HVpp3ms
Mal 2:11	יְהוּדָ֗ה	3063	HNp
Mal 2:11	קֹ֤דֶשׁ	6944	HNcmsc
Mal 2:11	יְהוָה֙	3068	HNp
Mal 2:11	אֲשֶׁ֣ר	834 a	HTr
Mal 2:11	אָהֵ֔ב	157	HVqp3ms
Mal 2:11	וּ/בָעַ֖ל	c/1166	HC/Vqp3ms
Mal 2:11	בַּת	1323	HNcfsc
Mal 2:11	אֵ֥ל	410	HNcmsc
Mal 2:11	נֵכָֽר	5236	HNcmsa
Mal 2:12	יַכְרֵ֨ת	3772	HVhj3ms
Mal 2:12	יְהוָ֜ה	3068	HNp
Mal 2:12	לָ/אִ֨ישׁ	l/376	HRd/Ncmsa
Mal 2:12	אֲשֶׁ֤ר	834 a	HTr
Mal 2:12	יַעֲשֶׂ֨/נָּה֙	6213 a	HVqi3ms/Sn
Mal 2:12	עֵ֣ר	5782	HVqrmsa
Mal 2:12	וְ/עֹנֶ֔ה	c/6030 b	HC/Vqrmsa
Mal 2:12	מֵ/אָהֳלֵ֖י	m/168	HR/Ncmpc
Mal 2:12	יַֽעֲקֹ֑ב	3290	HNp
Mal 2:12	וּ/מַגִּ֣ישׁ	c/5066	HC/Vhrmsa
Mal 2:12	מִנְחָ֔ה	4503	HNcfsa
Mal 2:12	לַֽ/יהוָ֖ה	l/3068	HR/Np
Mal 2:12	צְבָאֽוֹת	6635 b	HNcbpa
Mal 2:13	וְ/זֹאת֙	c/2063	HC/Pdxfs
Mal 2:13	שֵׁנִ֣ית	8145	HAofsa
Mal 2:13	תַּֽעֲשׂ֔וּ	6213 a	HVqi2mp
Mal 2:13	כַּסּ֤וֹת	3680	HVpc
Mal 2:13	דִּמְעָה֙	1832	HNcfsa
Mal 2:13	אֶת	853	HTo
Mal 2:13	מִזְבַּ֣ח	4196	HNcmsc
Mal 2:13	יְהוָ֔ה	3068	HNp
Mal 2:13	בְּכִ֖י	1065	HNcmsa
Mal 2:13	וַֽ/אֲנָקָ֑ה	c/603	HC/Ncfsa
Mal 2:13	מֵ/אֵ֣ין	m/369	HR/Tn
Mal 2:13	ע֗וֹד	5750	HD
Mal 2:13	פְּנוֹת֙	6437	HVqc
Mal 2:13	אֶל	413	HR
Mal 2:13	הַ/מִּנְחָ֔ה	d/4503	HTd/Ncfsa
Mal 2:13	וְ/לָ/קַ֥חַת	c/l/3947	HC/R/Vqc
Mal 2:13	רָצ֖וֹן	7522	HNcmsa
Mal 2:13	מִ/יֶּדְ/כֶֽם	m/3027	HR/Ncbsc/Sp2mp
Mal 2:14	וַ/אֲמַרְתֶּ֖ם	c/559	HC/Vqq2mp
Mal 2:14	עַל	5921 a	HR
Mal 2:14	מָ֑ה	4100	HTi
Mal 2:14	עַ֡ל	5921 a	HR
Mal 2:14	כִּי	3588 a	HC
Mal 2:14	יְהוָה֩	3068	HNp
Mal 2:14	הֵעִ֨יד	5749 b	HVhp3ms
Mal 2:14	בֵּינְ/ךָ֜	996	HR/Sp2ms
Mal 2:14	וּ/בֵ֣ין	c/996	HC/R
Mal 2:14	אֵ֣שֶׁת	802	HNcfsc
Mal 2:14	נְעוּרֶ֗י/ךָ	5271 a	HNcbpc/Sp2ms
Mal 2:14	אֲשֶׁ֤ר	834 a	HTr
Mal 2:14	אַתָּה֙	859 a	HPp2ms
Mal 2:14	בָּגַ֣דְתָּה	898	HVqp2ms
Mal 2:14	בָּ֔/הּ	b	HR/Sp3fs
Mal 2:14	וְ/הִ֥יא	c/1931	HC/Pp3fs
Mal 2:14	חֲבֶרְתְּ/ךָ֖	2278	HNcfsc/Sp2ms
Mal 2:14	וְ/אֵ֥שֶׁת	c/802	HC/Ncfsc
Mal 2:14	בְּרִיתֶֽ/ךָ	1285	HNcfsc/Sp2ms
Mal 2:15	וְ/לֹא	c/3808	HC/Tn
Mal 2:15	אֶחָ֣ד	259	HAcmsa
Mal 2:15	עָשָׂ֗ה	6213 a	HVqp3ms
Mal 2:15	וּ/שְׁאָ֥ר	c/7605	HC/Ncmsc
Mal 2:15	ר֨וּחַ֙	7307	HNcbsa
Mal 2:15	ל֔/וֹ	l	HR/Sp3ms
Mal 2:15	וּ/מָה֙	c/4100	HC/Ti
Mal 2:15	הָֽ/אֶחָ֔ד	d/259	HTd/Acmsa
Mal 2:15	מְבַקֵּ֖שׁ	1245	HVprmsa
Mal 2:15	זֶ֣רַע	2233	HNcmsc
Mal 2:15	אֱלֹהִ֑ים	430	HNcmpa
Mal 2:15	וְ/נִשְׁמַרְתֶּם֙	c/8104	HC/VNq2mp
Mal 2:15	בְּ/ר֣וּחֲ/כֶ֔ם	b/7307	HR/Ncbsc/Sp2mp
Mal 2:15	וּ/בְ/אֵ֥שֶׁת	c/b/802	HC/R/Ncfsc
Mal 2:15	נְעוּרֶ֖י/ךָ	5271 a	HNcbpc/Sp2ms
Mal 2:15	אַל	408	HTn
Mal 2:15	יִבְגֹּֽד	898	HVqj3ms
Mal 2:16	כִּֽי	3588 a	HC
Mal 2:16	שָׂנֵ֣א	8130	HVqp3ms
Mal 2:16	שַׁלַּ֗ח	7971	HVpc
Mal 2:16	אָמַ֤ר	559	HVqp3ms
Mal 2:16	יְהוָה֙	3068	HNp
Mal 2:16	אֱלֹהֵ֣י	430	HNcmpc
Mal 2:16	יִשְׂרָאֵ֔ל	3478	HNp
Mal 2:16	וְ/כִסָּ֤ה	c/3680	HC/Vpq3ms
Mal 2:16	חָמָס֙	2555	HNcmsa
Mal 2:16	עַל	5921 a	HR
Mal 2:16	לְבוּשׁ֔/וֹ	3830	HNcmsc/Sp3ms
Mal 2:16	אָמַ֖ר	559	HVqp3ms
Mal 2:16	יְהוָ֣ה	3068	HNp
Mal 2:16	צְבָא֑וֹת	6635 b	HNcbpa
Mal 2:16	וְ/נִשְׁמַרְתֶּ֥ם	c/8104	HC/VNq2mp
Mal 2:16	בְּ/רוּחֲ/כֶ֖ם	b/7307	HR/Ncbsc/Sp2mp
Mal 2:16	וְ/לֹ֥א	c/3808	HC/Tn
Mal 2:16	תִבְגֹּֽדוּ	898	HVqi2mp
Mal 2:17	הוֹגַעְתֶּ֤ם	3021	HVhp2mp
Mal 2:17	יְהוָה֙	3068	HNp
Mal 2:17	בְּ/דִבְרֵי/כֶ֔ם	b/1697	HR/Ncmpc/Sp2mp
Mal 2:17	וַ/אֲמַרְתֶּ֖ם	c/559	HC/Vqq2mp
Mal 2:17	בַּ/מָּ֣ה	b/4100	HR/Ti
Mal 2:17	הוֹגָ֑עְנוּ	3021	HVhp1cp
Mal 2:17	בֶּ/אֱמָרְ/כֶ֗ם	b/559	HR/Vqc/Sp2mp
Mal 2:17	כָּל	3605	HNcmsc
Mal 2:17	עֹ֨שֵׂה	6213 a	HVqrmsc
Mal 2:17	רָ֜ע	7451 a	HAamsa
Mal 2:17	ט֣וֹב	2896 a	HAamsa
Mal 2:17	בְּ/עֵינֵ֣י	b/5869 a	HR/Ncbdc
Mal 2:17	יְהוָ֗ה	3068	HNp
Mal 2:17	וּ/בָ/הֶם֙	c/b	HC/R/Sp3mp
Mal 2:17	ה֣וּא	1931	HPp3ms
Mal 2:17	חָפֵ֔ץ	2654 a	HVqp3ms
Mal 2:17	א֥וֹ	176 a	HC
Mal 2:17	אַיֵּ֖ה	346	HTi
Mal 2:17	אֱלֹהֵ֥י	430	HNcmpc
Mal 2:17	הַ/מִּשְׁפָּֽט	d/4941	HTd/Ncmsa
Mal 3:1	הִנְ/נִ֤י	2005	HTm/Sp1cs
Mal 3:1	שֹׁלֵחַ֙	7971	HVqrmsa
Mal 3:1	מַלְאָכִ֔/י	4397	HNcmsc/Sp1cs
Mal 3:1	וּ/פִנָּה	c/6437	HC/Vpq3ms
Mal 3:1	דֶ֖רֶךְ	1870	HNcbsa
Mal 3:1	לְ/פָנָ֑/י	l/6440	HR/Ncbpc/Sp1cs
Mal 3:1	וּ/פִתְאֹם֩	c/6597	HC/D
Mal 3:1	יָב֨וֹא	935	HVqi3ms
Mal 3:1	אֶל	413	HR
Mal 3:1	הֵיכָל֜/וֹ	1964	HNcmsc/Sp3ms
Mal 3:1	הָ/אָד֣וֹן	d/113	HTd/Ncmsa
Mal 3:1	אֲשֶׁר	834 a	HTr
Mal 3:1	אַתֶּ֣ם	859 d	HPp2mp
Mal 3:1	מְבַקְשִׁ֗ים	1245	HVprmpa
Mal 3:1	וּ/מַלְאַ֨ךְ	c/4397	HC/Ncmsc
Mal 3:1	הַ/בְּרִ֜ית	d/1285	HTd/Ncfsa
Mal 3:1	אֲשֶׁר	834 a	HTr
Mal 3:1	אַתֶּ֤ם	859 d	HPp2mp
Mal 3:1	חֲפֵצִים֙	2655	HAampa
Mal 3:1	הִנֵּה	2009	HTm
Mal 3:1	בָ֔א	935	HVqrmsa
Mal 3:1	אָמַ֖ר	559	HVqp3ms
Mal 3:1	יְהוָ֥ה	3068	HNp
Mal 3:1	צְבָאֽוֹת	6635 b	HNcbpa
Mal 3:2	וּ/מִ֤י	c/4310	HC/Ti
Mal 3:2	מְכַלְכֵּל֙	3557	HVlrmsa
Mal 3:2	אֶת	853	HTo
Mal 3:2	י֣וֹם	3117	HNcmsc
Mal 3:2	בּוֹא֔/וֹ	935	HVqc/Sp3ms
Mal 3:2	וּ/מִ֥י	c/4310	HC/Ti
Mal 3:2	הָ/עֹמֵ֖ד	d/5975	HTd/Vqrmsa
Mal 3:2	בְּ/הֵרָֽאוֹת֑/וֹ	b/7200	HR/VNc/Sp3ms
Mal 3:2	כִּֽי	3588 a	HC
Mal 3:2	הוּא֙	1931	HPp3ms
Mal 3:2	כְּ/אֵ֣שׁ	k/784	HR/Ncbsa
Mal 3:2	מְצָרֵ֔ף	6884	HVprmsa
Mal 3:2	וּ/כְ/בֹרִ֖ית	c/k/1287	HC/R/Ncfsa
Mal 3:2	מְכַבְּסִֽים	3526	HVprmpa
Mal 3:3	וְ/יָשַׁ֨ב	c/3427	HC/Vqq3ms
Mal 3:3	מְצָרֵ֤ף	6884	HVprmsa
Mal 3:3	וּ/מְטַהֵר֙	c/2891	HC/Vprmsa
Mal 3:3	כֶּ֔סֶף	3701	HNcmsa
Mal 3:3	וְ/טִהַ֤ר	c/2891	HC/Vpq3ms
Mal 3:3	אֶת	853	HTo
Mal 3:3	בְּנֵֽי	1121 a	HNcmpc
Mal 3:3	לֵוִי֙	3878	HNp
Mal 3:3	וְ/זִקַּ֣ק	c/2212	HC/Vpq3ms
Mal 3:3	אֹתָ֔/ם	853	HTo/Sp3mp
Mal 3:3	כַּ/זָּהָ֖ב	k/2091	HRd/Ncmsa
Mal 3:3	וְ/כַ/כָּ֑סֶף	c/k/3701	HC/Rd/Ncmsa
Mal 3:3	וְ/הָיוּ֙	c/1961	HC/Vqq3cp
Mal 3:3	לַֽ/יהוָ֔ה	l/3068	HR/Np
Mal 3:3	מַגִּישֵׁ֥י	5066	HVhrmpc
Mal 3:3	מִנְחָ֖ה	4503	HNcfsa
Mal 3:3	בִּ/צְדָקָֽה	b/6666	HR/Ncfsa
Mal 3:4	וְ/עָֽרְבָה֙	c/6149	HC/Vqq3fs
Mal 3:4	לַֽ/יהוָ֔ה	l/3068	HR/Np
Mal 3:4	מִנְחַ֥ת	4503	HNcfsc
Mal 3:4	יְהוּדָ֖ה	3063	HNp
Mal 3:4	וִ/ירֽוּשָׁלִָ֑ם	c/3389	HC/Np
Mal 3:4	כִּ/ימֵ֣י	k/3117	HR/Ncmpc
Mal 3:4	עוֹלָ֔ם	5769	HNcmsa
Mal 3:4	וּ/כְ/שָׁנִ֖ים	c/k/8141	HC/R/Ncfpa
Mal 3:4	קַדְמֹנִיּֽוֹת	6931	HAafpa
Mal 3:5	וְ/קָרַבְתִּ֣י	c/7126	HC/Vqq1cs
Mal 3:5	אֲלֵי/כֶם֮	413	HR/Sp2mp
Mal 3:5	לַ/מִּשְׁפָּט֒	l/4941	HRd/Ncmsa
Mal 3:5	וְ/הָיִ֣יתִי	c/1961	HC/Vqq1cs
Mal 3:5	עֵ֣ד	5707	HNcmsa
Mal 3:5	מְמַהֵ֗ר	4116 a	HVprmsa
Mal 3:5	בַּֽ/מְכַשְּׁפִים֙	b/3784	HRd/Vprmpa
Mal 3:5	וּ/בַ/מְנָ֣אֲפִ֔ים	c/b/5003	HC/Rd/Vprmpa
Mal 3:5	וּ/בַ/נִּשְׁבָּעִ֖ים	c/b/7650	HC/Rd/VNrmpa
Mal 3:5	לַ/שָּׁ֑קֶר	l/8267	HRd/Ncmsa
Mal 3:5	וּ/בְ/עֹשְׁקֵ֣י	c/b/6231	HC/R/Vqrmpc
Mal 3:5	שְׂכַר	7939	HNcmsc
Mal 3:5	שָׂ֠כִיר	7916	HAamsa
Mal 3:5	אַלְמָנָ֨ה	490	HNcfsa
Mal 3:5	וְ/יָת֤וֹם	c/3490	HC/Ncmsa
Mal 3:5	וּ/מַטֵּי	c/5186	HC/Vhrmpc
Mal 3:5	גֵר֙	1616	HNcmsa
Mal 3:5	וְ/לֹ֣א	c/3808	HC/Tn
Mal 3:5	יְרֵא֔וּ/נִי	3372	HVqp3cp/Sp1cs
Mal 3:5	אָמַ֖ר	559	HVqp3ms
Mal 3:5	יְהוָ֥ה	3068	HNp
Mal 3:5	צְבָאֽוֹת	6635 b	HNcbpa
Mal 3:6	כִּ֛י	3588 a	HC
Mal 3:6	אֲנִ֥י	589	HPp1cs
Mal 3:6	יְהוָ֖ה	3068	HNp
Mal 3:6	לֹ֣א	3808	HTn
Mal 3:6	שָׁנִ֑יתִי	8138 a	HVqp1cs
Mal 3:6	וְ/אַתֶּ֥ם	c/859 d	HC/Pp2mp
Mal 3:6	בְּנֵֽי	1121 a	HNcmpc
Mal 3:6	יַעֲקֹ֖ב	3290	HNp
Mal 3:6	לֹ֥א	3808	HTn
Mal 3:6	כְלִיתֶֽם	3615	HVqp2mp
Mal 3:7	לְ/מִ/ימֵ֨י	l/m/3117	HR/R/Ncmpc
Mal 3:7	אֲבֹתֵי/כֶ֜ם	1	HNcmpc/Sp2mp
Mal 3:7	סַרְתֶּ֤ם	5493	HVqp2mp
Mal 3:7	מֵֽ/חֻקַּ/י֙	m/2706	HR/Ncmpc/Sp1cs
Mal 3:7	וְ/לֹ֣א	c/3808	HC/Tn
Mal 3:7	שְׁמַרְתֶּ֔ם	8104	HVqp2mp
Mal 3:7	שׁ֤וּבוּ	7725	HVqv2mp
Mal 3:7	אֵלַ/י֙	413	HR/Sp1cs
Mal 3:7	וְ/אָשׁ֣וּבָה	c/7725	HC/Vqh1cs
Mal 3:7	אֲלֵי/כֶ֔ם	413	HR/Sp2mp
Mal 3:7	אָמַ֖ר	559	HVqp3ms
Mal 3:7	יְהוָ֣ה	3068	HNp
Mal 3:7	צְבָא֑וֹת	6635 b	HNcbpa
Mal 3:7	וַ/אֲמַרְתֶּ֖ם	c/559	HC/Vqq2mp
Mal 3:7	בַּ/מֶּ֥ה	b/4100	HR/Ti
Mal 3:7	נָשֽׁוּב	7725	HVqi1cp
Mal 3:8	הֲ/יִקְבַּ֨ע	i/6906	HTi/Vqi3ms
Mal 3:8	אָדָ֜ם	120	HNcmsa
Mal 3:8	אֱלֹהִ֗ים	430	HNcmpa
Mal 3:8	כִּ֤י	3588 a	HC
Mal 3:8	אַתֶּם֙	859 d	HPp2mp
Mal 3:8	קֹבְעִ֣ים	6906	HVqrmpa
Mal 3:8	אֹתִ֔/י	853	HTo/Sp1cs
Mal 3:8	וַ/אֲמַרְתֶּ֖ם	c/559	HC/Vqq2mp
Mal 3:8	בַּ/מֶּ֣ה	b/4100	HR/Ti
Mal 3:8	קְבַעֲנ֑וּ/ךָ	6906	HVqp1cp/Sp2ms
Mal 3:8	הַֽ/מַּעֲשֵׂ֖ר	d/4643	HTd/Ncmsa
Mal 3:8	וְ/הַ/תְּרוּמָֽה	c/d/8641	HC/Td/Ncfsa
Mal 3:9	בַּ/מְּאֵרָה֙	b/3994	HRd/Ncfsa
Mal 3:9	אַתֶּ֣ם	859 d	HPp2mp
Mal 3:9	נֵֽאָרִ֔ים	779	HVNsmpa
Mal 3:9	וְ/אֹתִ֖/י	c/853	HC/To/Sp1cs
Mal 3:9	אַתֶּ֣ם	859 d	HPp2mp
Mal 3:9	קֹבְעִ֑ים	6906	HVqrmpa
Mal 3:9	הַ/גּ֖וֹי	d/1471 a	HTd/Ncmsa
Mal 3:9	כֻּלּֽ/וֹ	3605	HNcmsc/Sp3ms
Mal 3:10	הָבִ֨יאוּ	935	HVhv2mp
Mal 3:10	אֶת	853	HTo
Mal 3:10	כָּל	3605	HNcmsc
Mal 3:10	הַֽ/מַּעֲשֵׂ֜ר	d/4643	HTd/Ncmsa
Mal 3:10	אֶל	413	HR
Mal 3:10	בֵּ֣ית	1004 b	HNcmsc
Mal 3:10	הָ/אוֹצָ֗ר	d/214	HTd/Ncmsa
Mal 3:10	וִ/יהִ֥י	c/1961	HC/Vqj3ms
Mal 3:10	טֶ֨רֶף֙	2964	HNcmsa
Mal 3:10	בְּ/בֵיתִ֔/י	b/1004 b	HR/Ncmsc/Sp1cs
Mal 3:10	וּ/בְחָנ֤וּ/נִי	c/974	HC/Vqv2mp/Sp1cs
Mal 3:10	נָא֙	4994	HTe
Mal 3:10	בָּ/זֹ֔את	b/2063	HR/Pdxfs
Mal 3:10	אָמַ֖ר	559	HVqp3ms
Mal 3:10	יְהוָ֣ה	3068	HNp
Mal 3:10	צְבָא֑וֹת	6635 b	HNcbpa
Mal 3:10	אִם	518 a	HC
Mal 3:10	לֹ֧א	3808	HTn
Mal 3:10	אֶפְתַּ֣ח	6605 a	HVqi1cs
Mal 3:10	לָ/כֶ֗ם	l	HR/Sp2mp
Mal 3:10	אֵ֚ת	853	HTo
Mal 3:10	אֲרֻבּ֣וֹת	699	HNcfpc
Mal 3:10	הַ/שָּׁמַ֔יִם	d/8064	HTd/Ncmpa
Mal 3:10	וַ/הֲרִיקֹתִ֥י	c/7324	HC/Vhq1cs
Mal 3:10	לָ/כֶ֛ם	l	HR/Sp2mp
Mal 3:10	בְּרָכָ֖ה	1293	HNcfsa
Mal 3:10	עַד	5704	HR
Mal 3:10	בְּלִי	1097	HTn
Mal 3:10	דָֽי	1767	HNcmsa
Mal 3:11	וְ/גָעַרְתִּ֤י	c/1605	HC/Vqq1cs
Mal 3:11	לָ/כֶם֙	l	HR/Sp2mp
Mal 3:11	בָּֽ/אֹכֵ֔ל	b/398	HRd/Vqrmsa
Mal 3:11	וְ/לֹֽא	c/3808	HC/Tn
Mal 3:11	יַשְׁחִ֥ת	7843	HVhi3ms
Mal 3:11	לָ/כֶ֖ם	l	HR/Sp2mp
Mal 3:11	אֶת	853	HTo
Mal 3:11	פְּרִ֣י	6529	HNcmsc
Mal 3:11	הָ/אֲדָמָ֑ה	d/127	HTd/Ncfsa
Mal 3:11	וְ/לֹא	c/3808	HC/Tn
Mal 3:11	תְשַׁכֵּ֨ל	7921 a	HVpi3fs
Mal 3:11	לָ/כֶ֤ם	l	HR/Sp2mp
Mal 3:11	הַ/גֶּ֨פֶן֙	d/1612	HTd/Ncbsa
Mal 3:11	בַּ/שָּׂדֶ֔ה	b/7704 b	HRd/Ncmsa
Mal 3:11	אָמַ֖ר	559	HVqp3ms
Mal 3:11	יְהוָ֥ה	3068	HNp
Mal 3:11	צְבָאֽוֹת	6635 b	HNcbpa
Mal 3:12	וְ/אִשְּׁר֥וּ	c/833	HC/Vpq3cp
Mal 3:12	אֶתְ/כֶ֖ם	853	HTo/Sp2mp
Mal 3:12	כָּל	3605	HNcmsc
Mal 3:12	הַ/גּוֹיִ֑ם	d/1471 a	HTd/Ncmpa
Mal 3:12	כִּֽי	3588 a	HC
Mal 3:12	תִהְי֤וּ	1961	HVqi2mp
Mal 3:12	אַתֶּם֙	859 d	HPp2mp
Mal 3:12	אֶ֣רֶץ	776	HNcbsc
Mal 3:12	חֵ֔פֶץ	2656	HNcmsa
Mal 3:12	אָמַ֖ר	559	HVqp3ms
Mal 3:12	יְהוָ֥ה	3068	HNp
Mal 3:12	צְבָאֽוֹת	6635 b	HNcbpa
Mal 3:13	חָזְק֥וּ	2388	HVqp3cp
Mal 3:13	עָלַ֛/י	5921 a	HR/Sp1cs
Mal 3:13	דִּבְרֵי/כֶ֖ם	1697	HNcmpc/Sp2mp
Mal 3:13	אָמַ֣ר	559	HVqp3ms
Mal 3:13	יְהוָ֑ה	3068	HNp
Mal 3:13	וַ/אֲמַרְתֶּ֕ם	c/559	HC/Vqq2mp
Mal 3:13	מַה	4100	HTi
Mal 3:13	נִּדְבַּ֖רְנוּ	1696	HVNp1cp
Mal 3:13	עָלֶֽי/ךָ	5921 a	HR/Sp2ms
Mal 3:14	אֲמַרְתֶּ֕ם	559	HVqp2mp
Mal 3:14	שָׁ֖וְא	7723	HNcmsa
Mal 3:14	עֲבֹ֣ד	5647	HVqc
Mal 3:14	אֱלֹהִ֑ים	430	HNcmpa
Mal 3:14	וּ/מַה	c/4100	HC/Ti
Mal 3:14	בֶּ֗צַע	1215	HNcmsa
Mal 3:14	כִּ֤י	3588 a	HC
Mal 3:14	שָׁמַ֨רְנוּ֙	8104	HVqp1cp
Mal 3:14	מִשְׁמַרְתּ֔/וֹ	4931	HNcfsc/Sp3ms
Mal 3:14	וְ/כִ֤י	c/3588 a	HC/C
Mal 3:14	הָלַ֨כְנוּ֙	1980	HVqp1cp
Mal 3:14	קְדֹ֣רַנִּ֔ית	6941	HD
Mal 3:14	מִ/פְּנֵ֖י	m/6440	HR/Ncbpc
Mal 3:14	יְהוָ֥ה	3068	HNp
Mal 3:14	צְבָאֽוֹת	6635 b	HNcbpa
Mal 3:15	וְ/עַתָּ֕ה	c/6258	HC/D
Mal 3:15	אֲנַ֖חְנוּ	587	HPp1cp
Mal 3:15	מְאַשְּׁרִ֣ים	833	HVprmpa
Mal 3:15	זֵדִ֑ים	2086	HAampa
Mal 3:15	גַּם	1571	HTa
Mal 3:15	נִבְנוּ֙	1129	HVNp3cp
Mal 3:15	עֹשֵׂ֣י	6213 a	HVqrmpc
Mal 3:15	רִשְׁעָ֔ה	7564	HNcfsa
Mal 3:15	גַּ֧ם	1571	HTa
Mal 3:15	בָּחֲנ֛וּ	974	HVqp3cp
Mal 3:15	אֱלֹהִ֖ים	430	HNcmpa
Mal 3:15	וַ/יִּמָּלֵֽטוּ	c/4422	HC/VNw3mp
Mal 3:16	אָ֧ז	227 a	HD
Mal 3:16	נִדְבְּר֛וּ	1696	HVNp3cp
Mal 3:16	יִרְאֵ֥י	3372	HAampc
Mal 3:16	יְהוָ֖ה	3068	HNp
Mal 3:16	אִ֣ישׁ	376	HNcmsa
Mal 3:16	אֶת	854	HR
Mal 3:16	רֵעֵ֑/הוּ	7453	HNcmsc/Sp3ms
Mal 3:16	וַ/יַּקְשֵׁ֤ב	c/7181	HC/Vhw3ms
Mal 3:16	יְהוָה֙	3068	HNp
Mal 3:16	וַ/יִּשְׁמָ֔ע	c/8085	HC/Vqw3ms
Mal 3:16	וַ֠/יִּכָּתֵב	c/3789	HC/VNw3ms
Mal 3:16	סֵ֣פֶר	5612 a	HNcmsc
Mal 3:16	זִכָּר֤וֹן	2146	HNcmsa
Mal 3:16	לְ/פָנָי/ו֙	l/6440	HR/Ncbpc/Sp3ms
Mal 3:16	לְ/יִרְאֵ֣י	l/3372	HR/Aampc
Mal 3:16	יְהוָ֔ה	3068	HNp
Mal 3:16	וּ/לְ/חֹשְׁבֵ֖י	c/l/2803	HC/R/Vqrmpc
Mal 3:16	שְׁמֽ/וֹ	8034	HNcmsc/Sp3ms
Mal 3:17	וְ/הָ֣יוּ	c/1961	HC/Vqq3cp
Mal 3:17	לִ֗/י	l	HR/Sp1cs
Mal 3:17	אָמַר֙	559	HVqp3ms
Mal 3:17	יְהוָ֣ה	3068	HNp
Mal 3:17	צְבָא֔וֹת	6635 b	HNcbpa
Mal 3:17	לַ/יּ֕וֹם	l/3117	HRd/Ncmsa
Mal 3:17	אֲשֶׁ֥ר	834 a	HTr
Mal 3:17	אֲנִ֖י	589	HPp1cs
Mal 3:17	עֹשֶׂ֣ה	6213 a	HVqrmsa
Mal 3:17	סְגֻלָּ֑ה	5459	HNcfsa
Mal 3:17	וְ/חָמַלְתִּ֣י	c/2550	HC/Vqq1cs
Mal 3:17	עֲלֵי/הֶ֔ם	5921 a	HR/Sp3mp
Mal 3:17	כַּֽ/אֲשֶׁר֙	k/834 d	HR/Tr
Mal 3:17	יַחְמֹ֣ל	2550	HVqi3ms
Mal 3:17	אִ֔ישׁ	376	HNcmsa
Mal 3:17	עַל	5921 a	HR
Mal 3:17	בְּנ֖/וֹ	1121 a	HNcmsc/Sp3ms
Mal 3:17	הָ/עֹבֵ֥ד	d/5647	HTd/Vqrmsa
Mal 3:17	אֹתֽ/וֹ	853	HTo/Sp3ms
Mal 3:18	וְ/שַׁבְתֶּם֙	c/7725	HC/Vqq2mp
Mal 3:18	וּ/רְאִיתֶ֔ם	c/7200	HC/Vqq2mp
Mal 3:18	בֵּ֥ין	996	HR
Mal 3:18	צַדִּ֖יק	6662	HAamsa
Mal 3:18	לְ/רָשָׁ֑ע	l/7563	HR/Aamsa
Mal 3:18	בֵּ֚ין	996	HR
Mal 3:18	עֹבֵ֣ד	5647	HVqrmsc
Mal 3:18	אֱלֹהִ֔ים	430	HNcmpa
Mal 3:18	לַ/אֲשֶׁ֖ר	l/834 a	HR/Tr
Mal 3:18	לֹ֥א	3808	HTn
Mal 3:18	עֲבָדֽ/וֹ	5647	HVqp3ms/Sp3ms
Mal 3:19	כִּֽי	3588 a	HC
Mal 3:19	הִנֵּ֤ה	2009	HTm
Mal 3:19	הַ/יּוֹם֙	d/3117	HTd/Ncmsa
Mal 3:19	בָּ֔א	935	HVqrmsa
Mal 3:19	בֹּעֵ֖ר	1197 a	HVqrmsa
Mal 3:19	כַּ/תַּנּ֑וּר	k/8574	HRd/Ncmsa
Mal 3:19	וְ/הָי֨וּ	c/1961	HC/Vqq3cp
Mal 3:19	כָל	3605	HNcmsc
Mal 3:19	זֵדִ֜ים	2086	HAampa
Mal 3:19	וְ/כָל	c/3605	HC/Ncmsc
Mal 3:19	עֹשֵׂ֤ה	6213 a	HVqrmsc
Mal 3:19	רִשְׁעָה֙	7564	HNcfsa
Mal 3:19	קַ֔שׁ	7179	HNcmsa
Mal 3:19	וְ/לִהַ֨ט	c/3857	HC/Vpp3ms
Mal 3:19	אֹתָ֜/ם	853	HTo/Sp3mp
Mal 3:19	הַ/יּ֣וֹם	d/3117	HTd/Ncmsa
Mal 3:19	הַ/בָּ֗א	d/935	HTd/Vqrmsa
Mal 3:19	אָמַר֙	559	HVqp3ms
Mal 3:19	יְהוָ֣ה	3068	HNp
Mal 3:19	צְבָא֔וֹת	6635 b	HNcbpa
Mal 3:19	אֲשֶׁ֛ר	834 a	HTr
Mal 3:19	לֹא	3808	HTn
Mal 3:19	יַעֲזֹ֥ב	5800 a	HVqi3ms
Mal 3:19	לָ/הֶ֖ם	l	HR/Sp3mp
Mal 3:19	שֹׁ֥רֶשׁ	8328	HNcmsa
Mal 3:19	וְ/עָנָֽף	c/6057	HC/Ncmsa
Mal 3:20	וְ/זָרְחָ֨ה	c/2224	HC/Vqq3fs
Mal 3:20	לָ/כֶ֜ם	l	HR/Sp2mp
Mal 3:20	יִרְאֵ֤י	3373	HAampc
Mal 3:20	שְׁמִ/י֙	8034	HNcmsc/Sp1cs
Mal 3:20	שֶׁ֣מֶשׁ	8121	HNcbsc
Mal 3:20	צְדָקָ֔ה	6666	HNcfsa
Mal 3:20	וּ/מַרְפֵּ֖א	c/4832	HC/Ncmsa
Mal 3:20	בִּ/כְנָפֶ֑י/הָ	b/3671	HR/Ncfdc/Sp3fs
Mal 3:20	וִֽ/יצָאתֶ֥ם	c/3318	HC/Vqq2mp
Mal 3:20	וּ/פִשְׁתֶּ֖ם	c/6335 a	HC/Vqq2mp
Mal 3:20	כְּ/עֶגְלֵ֥י	k/5695	HR/Ncmpc
Mal 3:20	מַרְבֵּֽק	4770	HNcmsa
Mal 3:21	וְ/עַסּוֹתֶ֣ם	c/6072	HC/Vqq2mp
Mal 3:21	רְשָׁעִ֔ים	7563	HAampa
Mal 3:21	כִּֽי	3588 a	HC
Mal 3:21	יִהְי֣וּ	1961	HVqi3mp
Mal 3:21	אֵ֔פֶר	665	HNcmsa
Mal 3:21	תַּ֖חַת	8478	HR
Mal 3:21	כַּפּ֣וֹת	3709	HNcfpc
Mal 3:21	רַגְלֵי/כֶ֑ם	7272	HNcfdc/Sp2mp
Mal 3:21	בַּ/יּוֹם֙	b/3117	HRd/Ncmsa
Mal 3:21	אֲשֶׁ֣ר	834 a	HTr
Mal 3:21	אֲנִ֣י	589	HPp1cs
Mal 3:21	עֹשֶׂ֔ה	6213 a	HVqrmsa
Mal 3:21	אָמַ֖ר	559	HVqp3ms
Mal 3:21	יְהוָ֥ה	3068	HNp
Mal 3:21	צְבָאֽוֹת	6635 b	HNcbpa
Mal 3:22	זִכְר֕וּ	2142	HVqv2mp
Mal 3:22	תּוֹרַ֖ת	8451	HNcfsc
Mal 3:22	מֹשֶׁ֣ה	4872	HNp
Mal 3:22	עַבְדִּ֑/י	5650	HNcmsc/Sp1cs
Mal 3:22	אֲשֶׁר֩	834 a	HTr
Mal 3:22	צִוִּ֨יתִי	6680	HVpp1cs
Mal 3:22	אוֹת֤/וֹ	853	HTo/Sp3ms
Mal 3:22	בְ/חֹרֵב֙	b/2722	HR/Np
Mal 3:22	עַל	5921 a	HR
Mal 3:22	כָּל	3605	HNcmsc
Mal 3:22	יִשְׂרָאֵ֔ל	3478	HNp
Mal 3:22	חֻקִּ֖ים	2706	HNcmpa
Mal 3:22	וּ/מִשְׁפָּטִֽים	c/4941	HC/Ncmpa
Mal 3:23	הִנֵּ֤ה	2009	HTm
Mal 3:23	אָֽנֹכִי֙	595	HPp1cs
Mal 3:23	שֹׁלֵ֣חַ	7971	HVqrmsa
Mal 3:23	לָ/כֶ֔ם	l	HR/Sp2mp
Mal 3:23	אֵ֖ת	853	HTo
Mal 3:23	אֵלִיָּ֣ה	452	HNp
Mal 3:23	הַ/נָּבִ֑יא	d/5030	HTd/Ncmsa
Mal 3:23	לִ/פְנֵ֗י	l/6440	HR/Ncbpc
Mal 3:23	בּ֚וֹא	935	HVqc
Mal 3:23	י֣וֹם	3117	HNcmsc
Mal 3:23	יְהוָ֔ה	3068	HNp
Mal 3:23	הַ/גָּד֖וֹל	d/1419 a	HTd/Aamsa
Mal 3:23	וְ/הַ/נּוֹרָֽא	c/d/3372	HC/Td/VNrmsa
Mal 3:24	וְ/הֵשִׁ֤יב	c/7725	HC/Vhq3ms
Mal 3:24	לֵב	3820 a	HNcmsc
Mal 3:24	אָבוֹת֙	1	HNcmpa
Mal 3:24	עַל	5921 a	HR
Mal 3:24	בָּנִ֔ים	1121 a	HNcmpa
Mal 3:24	וְ/לֵ֥ב	c/3820 a	HC/Ncmsc
Mal 3:24	בָּנִ֖ים	1121 a	HNcmpa
Mal 3:24	עַל	5921 a	HR
Mal 3:24	אֲבוֹתָ֑/ם	1	HNcmpc/Sp3mp
Mal 3:24	פֶּן	6435	HC
Mal 3:24	אָב֕וֹא	935	HVqi1cs
Mal 3:24	וְ/הִכֵּיתִ֥י	c/5221	HC/Vhq1cs
Mal 3:24	אֶת	853	HTo
Mal 3:24	הָ/אָ֖רֶץ	d/776	HTd/Ncbsa
Mal 3:24	חֵֽרֶם	2764 a	HNcmsa
