skeleton	strongs
H	251,253,254,255,260,265,277,278,2336,2397
HS	2363,2439,2440,2842
HSH	2818
HSHr	300
HSHt	2819
HSb	2803,2805,2815
HSbdnh	2806
HSbh	2807
HSbn	2808,2809,2810
HSbnh	2812
HSbnyh	2813
HSbrS	325
HSbyh	2811
HSdrpn	323
HSh	2364,2814
HSk	2821,2822,2823,4285
HSkh	2825
HSl	2826
HSm	2366,2367,2828
HSml	2830
HSmn	2829,2831
HSmnh	2832
HSn	2833
HSq	2836,2837,2838,2839
HSr	301,2840
HSrh	2841
HSt	2843
HStr	326
HStrn	327
HSy	2365
HZ	2351,2671,2677,2678,2686,2687
HZb	2672
HZh	2673
HZhmnHt	4506
HZhmnHtmnSh	4506
HZn	2435,2683,2684
HZntmr	5872
HZp	2685
HZr	2674,2681,2682,2690,2691,2695
HZrHdth	2675
HZrSl	2705
HZrdr	2692
HZrgdh	2693
HZrh	2689
HZrhtkn	2694
HZrm	2699
HZrmbt	2700
HZrn	2674,2696,2704,7152
HZrsh	2701
HZrsm	2702
HZrt	2698
HZt	2676
Hb	256,2243,2244,2245,2246,2325,2326,2340,2416
HbH	2336
HbS	2280
HbZlt	2261
HbZnyh	2262
Hbh	262,264,2247,2327,2331,2332,2333
Hbl	303,2254,2256,2257,2258,2259,2260
Hblh	2250,2258,2341
Hblm	2256
Hbn	257
Hbq	2263,2264,2265
Hbr	2249,2266,2267,2268,2270,2271,2357,2358
Hbrbrh	2272
Hbrh	2250,2270,2274
Hbrn	2275,2362
Hbrt	2278,2279
Hbt	2251,2281
Hbtyr	2334
Hbyh	2252
Hbyn	2253
Hd	164,258,259,284,2297,2299,2300,2301,2303,2307,2330,2373
HdS	2318,2319,2320,2321
HdSh	2322
Hdbh	2304
Hdh	2300,2302,2420
Hdl	2308,2309,2310
Hdly	2311
Hdq	2312
Hdql	2313
Hdr	2314,2315,2316
Hdrk	2317
Hdt	2319
Hg	2282,2283,2287,2291,2328,2329
Hgb	2284,2285,2286,2288
Hgbh	2286
Hglh	2295
Hgr	2289,2290,2296
Hgt	2294
Hgy	2292
Hgyh	2293
Hhd	282
Hk	2441
Hkh	2442,2443
Hkl	2447
Hklh	2444
Hklt	2448
Hklyh	2446
Hkm	2445,2449,2450
Hkmh	2451
Hkmn	2453
Hkmt	2451
Hl	2342,2343,2344,2419,2426,2427,2455,2456,2481,2482,2483,2485,2490,2491
HlH	2477
HlHl	2478
HlHlh	2479
HlS	2522,2523
HlSh	2476
HlZ	2502,2503,2504
HlZh	2488
Hlb	303,2459,2460,2461
Hlbh	2462
Hlbn	2463
Hlbnh	2464
Hld	286,2460,2465,2467
Hldh	2468
Hldy	2460,2469
Hlh	2426,2427,2457,2458,2470,2471,2486
Hlk	2428
Hlkh	2489
Hlm	2431,2469,2472,2492
HlmS	2496
Hlmh	306
Hlmt	2495
Hln	2473,2474,2497
Hlp	2475,2498,2500,2501
Hlph	2487
Hlq	2505,2506,2507,2509,2510,2511,2512
Hlqh	2513,2514,2515
Hlqlqh	2519
Hlqt	2520
HlqthZrm	2521
Hlqy	2517
Hlqyh	2518
Hlt	2480
Hly	304,305
Hlyh	2484
Hm	279,2345,2524,2525,2526,2527,2534,2552
HmS	2549,2567,2568,2569,2570,2571
HmSm	2572
HmZ	290,2541,2548,2556,2557,2558
Hmd	2530,2531
Hmdh	2530,2532
Hmdn	2533
Hmh	2346,2529,2534,2535,7342
Hml	2536,2538,2550
Hmlh	2551
Hmlk	288
Hmn	289,2553,2575
Hmq	2542,2559
Hmr	2543,2544,2560,2561,2563,2564
Hmrh	2565
Hmrn	2533
Hms	2554,2555
Hmt	287,307,2545,2546,2573,2574,2575,2577,6678
HmtZbh	6678
Hmtdr	2575
Hmth	2547
Hmtl	2537
Hmtrbh	2574
Hmy	267
Hn	2433,2580,2586,2587,2603,2605,2607,2977
Hnd	2582
Hndb	292
Hnh	2583,2584,2594
Hnk	2585,2593,2596
Hnkh	2598
Hnl	2592,2606
Hnm	293,2600
Hnml	2601,2602
Hnp	2610,2611,2612
Hnph	2613
Hnq	2614
Hns	2609
Hnt	2588,2590,2595,2603
Hnth	2406
Hntm	2590
Hntn	2615
Hnyh	2608
Hp	2348,2643,2653,2654
HpS	2666,2667,2670
HpSh	2668
HpSt	2669
HpZ	2654,2655,2656
HpZbh	2657,3389
Hph	2644,2645,2646,2647
Hpm	2650
Hpn	2651,2652
Hpr	2658,2659,2660,2661
Hprym	6084
Hps	2664,2665
Hpz	2648
Hpzn	2649
Hq	2436,2520,2706,2710,2712
Hqh	2707,2708
Hqm	296
Hqph	2709
Hqr	2713,2714
Hr	268,299,309,310,312,313,2352,2353,2354,2355,2356,2359,2715,2716,2750,2751,2753,2787,2788
HrH	278
HrHl	316
HrHr	2744,2746
HrHs	2745
HrS	2758,2759,2790,2791,2792,2793,2794,2795,2796
HrSm	1516
HrSt	2799,2800
HrZ	2742,2743,2757,2782,2783
HrZbh	2784
HrZn	2785
Hrb	2717,2719,2720,2721,5514
Hrbh	2723,2724
Hrbn	2725,2726
Hrd	2729,2730,5878
Hrdh	2731,2732
Hrg	2727
Hrgl	2728
Hrh	2437,2734
Hrhgdgd	2735
Hrhyh	2736
Hrk	2760,2762,2787
Hrl	2738
Hrm	297,2438,2650,2763,2764,2765,2766,7348
HrmS	2770
Hrmh	6857
Hrmn	2768
Hrmnm	2768
Hrmp	2739
Hrn	310,312,314,2740,2771,2772
Hrnpr	2774
Hrnt	322
Hrnym	2773
Hrp	2741,2756,2778,2779,2780,3139
Hrph	2781
Hrq	2786
Hrs	1053,2775,2776,2789
Hrsh	2797
Hrst	2777
Hrt	319,2747,2754,2801,2802
Hrtm	2748
Hry	310,1914
Hrynm	2755
Hrz	2737
Hs	2347
Hsby	308
Hsd	2616,2617,2618,2623
Hsdh	2624
Hsdyh	2619
Hsh	2620,2621
Hsk	2820
Hsl	2625,2628
Hsm	2629
Hsmk	294
Hsn	2626,2630,2633,2634,7983
Hsp	2635,2834,2835
Hsph	2817
Hsps	2636
Hsr	2627,2637,2638,2639,2640
Hsrh	2745
Hsrn	2642
Hst	2622
Ht	269,2338,2339,2398,2399,2400,2403,2410,2844,2845,2851,2865,2866,2867
HtHt	2849
HtS	2407
Htb	285,2228,2404
Htbh	2405
Hth	2401,2403,2406,2846,2847
Htk	2852
Htl	2411,2848,2853
Htlh	2854
Htln	2855
Htm	2368,2369,2413,2856
Htmt	2858
Htn	2859,2860
Htnh	2861
Htp	2414,2862,2863
Htph	2412
Htpl	302
Htr	2415,2864
Hty	2403
Hy	283,2416,2421
HyZ	2434
Hyh	281,288,2416,2421,2422
Hyl	2428
Hym	2416
Hyn	291
Hyt	2424
Hz	270,271,2375,2385
Hzb	2377
Hzbn	2384
Hzh	272,2372,2373,2374
Hzl	2371,2381
Hzm	275
Hzn	2377
Hzq	2388,2389,2391,2392,2395
Hzqh	2393,2394
Hzqyh	2396
Hzr	295,2386,2387
Hzt	276,2377,2378,2380
Hzy	2335,4918
Hzyh	274,2382
Hzyn	2383
S	376,377,784,786,803,808,1323,5789,6211,6244,7722,7769,7770,7771,7772,7774,8173,8191,8336,8337,8345
SH	7743,7744,7747,7807,7817
SHZ	7830
SHZmh	7831
SHd	7809,7810
SHh	7745,7746,7812,7882
SHl	7826
SHlt	7827
SHm	2366
SHn	7822
SHp	7824,7828
SHpt	7829
SHq	7833,7834
SHr	806,2975,7815,7835,7836,7837,7838,7883
SHrHrt	7840
SHrlbnt	7884
SHrt	7839
SHryh	7841
SHrym	7842
SHs	7823
SHt	7816,7819,7825,7843,7845
SHth	7819,7821
SHyl	2428
SZp	7858
Sb	884,1004,7579,7614,7616,7618,7620,7628,7629,7632,7637,7650,7651,7652,7723,7724,7725,7726,7727,7728,7768,7773,8304
SbH	7623
SbS	7672
SbSt	378
SbZ	7660,7661
SbZr	2216
Sbh	884,7156,7584,7617,7621,7651,7729,7737,7775,7870,7871,8663
Sbhqrytym	7156
Sbk	7731
Sbl	378,788,6578,7619,7635,7640,7641,7642,7732
Sbm	7657
Sbn	790,7644
Sbnh	7658
Sbnyh	7645
Sbq	7662,7733
Sbr	7665,7666,7667,7668,7669
Sbrm	7671
Sbrn	7670
Sbs	7636
Sbsh	8304
Sbt	6220,7622,7626,7627,7673,7674,7675,7676
Sbtn	7677
Sbty	7678
Sbtym	7659
Sby	7630
Sbyh	7633,7634
Sd	793,795,7699,7700,7701,7703
Sdh	794,7705
Sdmh	7709
Sdp	7710
Sdph	7711
Sdpn	7711
Sdr	7707,7712
Sdrk	2608
Sdt	795,799
Sdthpsgh	6449
Sdy	3068
Sg	7580,7683,7696
SgH	7688
Sgbn	7692
Sgh	7581,7684,7686,7691,8048
Sgl	7693,7694
Sgn	7697
Sgr	7698
Sgz	8190
Sh	800,801,802,809,7582,7583,7722,8159,8160,8341
Shd	379
Shm	7718,7719
Sk	810,894,7918
SkH	7911,7913
Skb	7901
Skbh	7902
Skbt	7903
Skh	7904
Skl	811,812,3634,7908,7909,7921
Sklm	7923
Skm	7925,7926,7927,7928
Skmh	7926
Skn	7931,7933,7934
Sknyh	7645,7935
Sknz	813
Skr	814,7910,7937,7941
Skrn	7942,7943
Sl	815,7585,7586,7592,7594,7596,7757,7758,7776,7777,7944,7960,7987,7997,7998,8168,9007
SlH	7964,7971,7973,7974,7975,7977
SlHh	7976
SlHm	8287
SlHn	7979
SlS	7969,7991,7992,8027,8028,8029
SlSh	8030,8031
SlSm	7970,8032
Slb	7947,7948,7959,7961
Slbh	7962
Slbm	8169
Slbn	8169
Slg	7949,7950
Slh	7596,7886,7887,7951,7952,7953,7956
Slhbt	7957
Slk	7993,7994
Slkt	7995,7996
Slm	3078,3389,7965,7966,7967,7999,8002,8003,8005,8006,8015,8171
Slmh	8010,8011
Slml	8017
Slmn	8021,8022
Slmnsr	8022
Slmt	7759,8013,8019
Slmyh	4920,8018
Sln	7887,7946,7956,7968,8023
Slp	8025,8026
Slt	7980,7982,7986,7989
Sltl	7597
Sltn	7983,7984,7985
Slyh	7988
Sm	807,816,817,818,3389,5654,7762,8033,8034,8035,8037,8039,8051,8074,8076,8085,8087,8088,8090,8091,8093,8096,8098,8346
SmS	8121
SmSn	8123
SmSry	8125
SmSy	8124
SmZ	8102
SmZh	8103
Smbr	8038
Smd	8045,8061
Smgr	8044
Smh	819,3389,8039,8047,8048,8052,8077,8093,8094
SmhSm	8051,8092
Smht	8049
Sml	8050
Smly	8014
Smn	820,4924,7889,8066,8078,8080,8081,8082,8095
Smnh	8083
Smnm	8084
Smnt	8067
Smr	7763,8053,8068,8069,8104,8105,8106,8107,8113
Smrh	821,8108,8109
Smrmt	8070
Smrn	8110,8111
Smrnmrn	8110
Smrt	7763,8119
Smryh	8114
Smryn	8111
Smt	8048,8058,8100,8101,8126
Smth	8059
Smy	8060
Smyh	8098
Smym	8064
Smyn	8064
Sn	380,824,6225,6226,6227,6228,7588,7599,7600,7764,7799,7800,7866,8127,8129,8132,8136,8144,8145,8150,8172,8348
SnZr	8137
Snb	822,8134
Sndt	7802
Snh	823,8138,8141,8142,8148
Snhbm	8143
Snk	7800
Snm	7766
Snmt	7767
Snr	2768,8152
Sns	8151
Snt	8153
Snym	8147
Sp	825,7602,7779,8174,8195,8205,8230
SpHh	8198
Sph	827,8192,8194,8228,8229
Spk	7731,8210,8211
Spkh	8212
Spl	8213,8216,8217
Splh	8218,8219
Splt	8220
Spm	4649,8206,8221,8223,8225
Spn	4649,8207,8227
Spnz	828
Spr	829,7782,8208,8209,8231,8233,8234,8237
Sprh	8235,8236
Sprpr	8238
Spt	830,8196,8199,8201,8202,8239,8240
Sptn	8204
Sptyh	8203
Sq	501,6216,6217,6231,6233,7783,7784,7785,7895,8257,8264,8349
SqZ	8251,8262,8263
Sqb	8250
Sqd	8245,8246,8247
Sqh	6234,8248
Sql	8254,8255
Sqln	831
Sqmh	8256
Sqp	8259,8260,8261
Sqr	8266,8267
Sqrh	8258
Sqt	8252,8253,8268
Sqy	8250
Sr	804,805,833,834,835,836,837,838,839,6223,6238,6239,7604,7605,7607,7778,7788,7789,7790,7791,7793,7794,7891,7892,8176,8179,8180,8182,8270,8281,8306,8323,8324,8325,8326,8350
SrHn	8287
SrS	8327,8328,8329,8332
SrSh	8331
SrSrh	8333
SrZ	8317,8318
SrZr	8272
Srb	8273
Srbt	8275
Srbyh	8274
Srh	842,7607,7609,7791,7892,8186,8281,8285
Srmh	7709
Srn	7791,8289
Srq	8319
Srqh	8292,8322
Srt	7611,8281,8307,8334,8335
Sry	8298
SrySb	7610
Sryh	8186,8187
Srym	8189,8287
Sryn	2768,8302
Ss	8155,8156,8157
Ssh	8154,8304,8338
Ssp	8158
St	6219,6245,6247,6248,6249,7589,7590,7612,7751,7752,7850,7896,7897,8337,8352,8358,8359,8371
StH	7849
Stb	2897
Stdr	849
Sth	7848,8161,8354,8356,8357
Stl	847,8362,8363
StlH	7803
Stm	851,7851,8365
Stn	850,8346,8366
Stnh	6250
Stnz	8162
Stp	7857,7858
Stq	8367
Str	7859,7860,8369
Strbzny	8370
Strh	6251
Strt	6252,6253
Strtqrnym	6255
Stry	7861
Styh	8360
Sy	7862,8304,8343,8344
SyS	7893
Syh	803,7591,7876
Syn	7890
Syt	7885,7898
Sz	7877
Szb	7725
Szp	7805
Szr	7806
Z	213,5779,5780,6086,6631,6674,6692,6716,6731,6732,6816
ZH	6703,6705,6706,6727
ZHZHh	6710
ZHh	6704,6707
ZHnh	6709
ZHq	6711,6712
ZHr	2226,6713,6714,6715
Zb	676,3068,6087,6089,6090,6091,6092,6632,6633,6634,6635,6640,6641,6643,6648,6673,6678,6717
ZbH	6681
ZbHh	6682
Zbh	6637,6638,6639,6680
Zbm	6636,6650
Zbn	675,6093,6649,6724
Zbr	6651,6652,6677
Zbrn	6677
Zbt	6094,6642,6653
Zby	6644
Zbyh	6643,6645
Zd	6654,6656,6657,6679,6737,6805,6806
Zdh	685,6658,6720,6807
Zdm	6661
Zdn	6721
Zdq	3068,6659,6662,6663,6664
Zdqh	6666
Zdqyh	6667
Zdyh	6660
Zh	6095,6096,6097,6098,6627,6675,6731,6808
Zhb	6668,6669
Zhl	6670
Zhr	6671,6672
Zl	678,679,680,681,682,6101,6102,6628,6738,6742,6748,6749,6750,6751,6760,6761,6762,6763
ZlH	6743
ZlHh	6745
ZlHt	6746,6747
ZlZH	6766
ZlZl	6767
ZlZlm	6767
Zlh	6103,6683,6740,6741
Zlm	6754
Zlmbt	6757
Zlmn	5858,6756,6759
Zlmnh	6758
Zlp	6764
ZlpHd	6765
Zlpn	6753
Zlq	6768
Zlt	6104
Zlty	6769
Zlyh	683
Zm	684,6099,6105,6106,6107,6108,6684,6685,6770,6771,6772,6782
ZmH	6779,6780
Zmd	6775,6776,6781
Zmh	6109,6110,6773,6777
Zmn	6111,6774
Zmq	6778,6784
Zmr	6785,6786
Zmrt	6788
Zmrym	6787
Zmt	6783,6789
Zn	6112,6629,6630,6790,6791,6796,6799,6800,6813,6814
ZnH	6795
ZnZnt	6803
Znh	6792,6793
Znm	6798,6815
Znp	6797,6801
Znph	6802
Znq	6729
Znr	6794
Zntrh	6804
Zp	6687,6688,6689,6809,6825,6832,6850
ZpH	6690
ZpHt	6835,6838
ZpZph	6851
Zpd	6821
Zph	6822,6823,6824,6848,6849
Zpm	6839
Zpn	6828,6830,6837,6840,6845,6848
ZpntpnH	3130
Zpnyh	222,6846
Zpr	6691,6833,6834,6842,6852
Zprd	6854
Zprh	6843,6855
Zprn	6856
Zpt	6844,6857,6858
Zpth	6859
Zpy	6826
Zpyh	6836
Zpyn	6837
Zq	6693,6694,6695,6817
Zqh	6695,6818
Zqlg	6860
Zqln	6861
Zr	214,686,687,3277,6113,6114,6115,6686,6696,6697,6698,6730,6735,6736,6810,6819,6820,6862,6863,6864,6865,6872,6874,6875,6879,6882,6887
ZrH	6873,6877
ZrSdy	6701
Zrb	6866
Zrbt	6867
Zrdh	6868,6891
Zrh	6116,6699,6812,6869,6871,6880,6881,6891
Zrk	6878
Zrl	6700
Zrp	6884,6885
Zrpt	6886
Zrt	6883,6889
ZrthSHr	6890
Zrtn	6891
Zryh	6870
Zt	3341,6734
Ztb	6867
Zy	6728
Zyd	6718,6719
Zyh	6723
Zyn	3389,6725
Zyngbr	6100
Zyr	6737
b	1,3,21,22,24,178,189,935,994,1158,2053,2438,2574,5645,5646,5672,5743,5755,5856,9001,9002,9003
bHh	19
bHl	973
bHn	969,971,974,975,976
bHr	970,972,977
bHrm	980
bHrt	979
bS	50,887,889,954,5685
bSg	49
bSh	890,955
bSl	1310,1311
bSlm	53,1312
bSm	891
bSn	1316,3100
bSnh	1317
bSr	51,834,1320
bSs	1318
bSt	1322,2060
bStrh	6252
bSy	52
bZ	77,948,949,1206,1214,1215
bZh	1000,1207
bZl	1211,1212
bZlt	1213
bZn	78
bZq	1216,1217
bZqt	1218
bZr	1208,1210,1219,1220,1221,1222
bZrh	1221,1223,1224,6869
bZrn	1225
bZrt	1226
bZy	1209
bd	6,8,28,905,906,907,908,909,910,911,1157,5647,5650,5651,5652,5653,5660,5662,5744,6213
bdh	9,5656,5657
bdl	913,914,915,5655,5661
bdlH	916
bdm	5654
bdmlk	5663
bdn	10,11,12,13,27,917,1301,2051,5658,5907
bdng	5838
bdq	918,919
bdqr	920
bdr	6504
bdt	5659
bdyh	912,5662
bg	957
bgbn	22
bgby	902
bgd	898,899,901
bgdt	900
bgt	5,903
bgtn	904
bgyl	26
bh	14,15,16,30,76,183,184,185,342,872,892,922,1158,5666,5753,5754,5755,5773
bhb	2052
bhd	31
bhl	926
bhlh	928
bhmh	929
bhmt	930
bhn	931,932
bhq	933
bhr	925
bhrt	934
bht	923
bhyl	32
bhzr	44
bk	55,943,1065
bkh	1057,1058,1059,8612
bkm	1008
bkr	1060,1061,1069,1070,1071,1074,1075
bkrh	1062,1063,1067,1072
bkrt	1064
bkt	1068
bl	22,45,56,57,58,59,60,61,62,179,180,191,196,894,944,945,1077,1078,1086,1093,1094,1097,1098,1101,1104,1105,1106,1120,1166,1167,1168,1192,3068,3389,3820,5745,5759,5760,5765,5766,5767,5858,6820
blHZr	1178
blHn	1177
blHrmn	2768
blSZr	1112
blSlSh	1190
blSn	1114
blZpn	1189
blbmt	1120
blbn	45
blbrt	1170
blbtmkh	62
bld	1085,1107,2056
bldn	1081
blg	1082
blgd	2768
blgh	1083
blgy	1083
blh	1086,1087,1088,1089,1090,1091,1172,1173,5766,7157
blhStm	7851
blhmn	2768
blhn	1092
blkrm	64
blm	1102,1109,2991
blmHlh	65
blmZrym	329
blmh	1097
blmn	1186
blmrdk	192
blmym	62
blpr	1168
blprZm	1188
blq	1110,1111
bls	1103,1185
blt	200,1115,1191,1192
bltSZr	1840
bltbr	1192
bltmr	1193
blyd	450
blyh	1183
blyhdh	7157
blyl	1100,7854
blzb	1176
bm	1119,5755,5761
bmh	1116,1391
bmhl	1118
bml	39
bmlk	40,288,397
bmt	1120
bn	68,70,205,206,995,996,1008,1121,1122,1137,1138,1144,1148,1150,1186,1195,5770,5771,5883
bnHn	1135
bnHr	1133
bnHsd	1136
bnHyl	1134
bnbndb	1125
bnbrq	1139
bndb	41
bndqr	1128
bngbr	1127
bnh	71,946,998,1129,1196
bnhd	1130
bnhzr	72
bnm	42,1151
bnr	74
bns	1149
bnt	73
bny	1131,1137
bnyh	1140,1141,2057
bnym	1143
bnymn	1144
bnyn	1146
bnyqn	1142
bnzHt	1132
bps	2058
bq	79,80,1231,1233,1234,1235,1237,1238
bqS	1245
bqSh	1246
bqbq	1227,1228
bqbqr	1230
bqbqyh	1229
bqh	81,206,950,1237,3603,3844,4709
bqr	951,1239,1241,1242
bqrh	1243
bqrt	1244
bqyh	1232
br	46,47,82,83,874,875,876,877,878,881,882,952,953,1002,1075,1121,1160,1165,1197,1198,1199,1249,1250,1252,1253,1254,1275,1277,1283,1298,1305,1516,5668,5669,5674,5676,5677,5680,5681,5786,5787
brH	1272,1280,1281,1282
brHm	980
brS	1265
brSb	884
brbr	1257
brd	1258,1259,1260,1261
brdkbldn	1255
brh	84,723,880,1002,1200,1262,1278,1283,5678,5679
brhm	85
brk	86,1263,1288,1290
brkh	1293,1294,1295,7975
brkl	1292
brkyh	1296
brlHyr	883
brlm	879
brm	48,85,1264,1297,5015
brn	5658,5788
brnh	5684
brnt	1003
brq	1299,1300,1301
brqn	1303
brqs	1302
brqt	1304
brsh	1306
brt	410,881,1142,1266,1267,1285,1287,5788
brtbnyqn	1142
brth	1268
brty	1268
bryh	1256,1277,1279
brzl	1270
brzly	1271
brzt	1269
bs	18,75,947
bsbr	1308
bsbrh	1309
bsdyh	1152
bsh	1201
bsm	1313,1314
bsmt	1315,4258,5711
bsp	43
bsr	1155,1319,1320
bsy	1153
bsyh	1202
bt	88,1004,1163,1204,1323,1324,5667,5670,5671,5686,5687,5688,5762,5791
btH	20,982,983,984
btHglh	1031
btHh	985
btHn	986
btHrn	1032
btHt	987
btS	1339
btSb	1339
btSmS	204,1053
btSn	1052
btStrt	6253
btZr	1049
btb	36
btblmn	1186
btbn	1007
btbr	1011
btbrh	1012
btdbltym	5963
btdgn	1016
btdn	1040
btgdr	1013
btgml	1014
bth	981,1205,1326,1327,5792
bthSmS	1053
bthSth	1029
bthZl	1018
bthglgl	1537
bthkrm	1021
bthl	1008
bthlHm	1035
bthmq	1025
bthmrHq	1023
bthmrkbt	4089
bthrbh	1026
bthrm	1027
bthrn	1027
bthySmt	1020
btkr	1033
btl	37,988,1008,1328,1329
btlHm	1035
btlbt	1034
btlh	1330
btlm	1331
btlprh	6084
btm	1161
btmkh	62
btml	1037
btn	990,991,992,1055
btnm	993
btnmrh	1039
btnt	1042,1043
btpH	1054
btpZ	1048
btplt	1046
btpr	1047
btq	1333
btqd	1044
btqdhrm	7462
btr	1334,1335,1336
btrHb	1050
btrbl	1009
btrbm	1337
btrn	1338
btrph	1051
btyh	1332
btzmbt	1041
by	17,893,942
byh	21,29,5758
bym	29
byn	34,996
bynh	35
bysp	43
byt	1004,1006,1186,8425
bytr	54
byzt	2055
bz	936,937,938,940,941,957,958,962,1162
bzbn	963
bzh	939,959,961
bzq	965,966
bzr	44,967,2054
bzt	968
bzytyh	964
d	108,112,181,343,1454,1717,1730,1731,1734,1843,1908,2088,5703,5704,5706,5707,5714,5716,5749,5750,5752
dH	1740,1760,1762
dHbh	1760
dHh	1760
dHl	2119
dHn	1764
dHp	1765
dHq	1766
dS	1758,1877,5742
dSn	1787,1788,1789,1878,1879,1880
dZ	1750
db	109,1669,1677,1679,1680,1727,1742
dbH	2076,4196
dbS	1706
dbSt	1707,1708
dbd	1732
dbg	1728
dbh	1670,1681,1735,1738,1739
dbl	110
dblh	1690,7247
dblym	1691
dbn	1671,1769
dbq	1692,1694,1695
dbr	1687,1688,1696,1697,1698,1699,1704
dbrh	1682,1683,1700,1702,1703
dbrt	1705
dby	1741
dbyn	1686
dg	1672,1673,1709,1770
dgh	1674,1710,1711,1729
dgl	1713,1714
dgn	1712,1715
dgr	1716
dh	182,1675,1676,1718,1733,1844,5708,5710,5711,5712,5713,5735
dhb	1723,2091
dhm	1724
dhr	1725
dhrh	1726
dk	1743,1790,1793,1796,1846,2088
dkh	1792,1794,1795
dkn	2088
dkpt	1744
dkr	1798
dkrn	2146
dl	1800,1805,1809,1817,1845,5717
dlH	1804
dlg	1801
dlh	1802,1803,1807,1817
dlm	5725
dln	1810
dlp	1811,1812
dlpn	1813
dlq	1814
dlqt	1816
dlt	1817
dly	118,5724
dlyh	1806,1808
dm	119,120,121,122,123,124,129,131,1748,1818,1824,1826,1830,1831,6215
dmSq	1833
dmdm	125
dmh	126,127,128,1745,1746,1819,1820,1822,1827,1832
dmn	132,1769,1828
dmnh	1776,1829
dmsq	1834
dmt	133,1823
dmyh	1747
dmyn	1825
dn	113,134,135,1719,1777,1779,1835,3068,5719,5720,5721,5722,5727,5728,5729,5730,5731,5732,5733
dnZdq	139
dnbzq	137
dng	1749
dnh	1783,1837,2088,5730,5734
dnhbh	1838
dnm	1719,1721
dnqm	140
dnrm	151
dny	1784
dnyh	138
dnyl	1840,1841,3609
dnyn	5859
dp	1848,5736
dpq	1849
dpqh	1850
dpt	7384
dq	1851,1852,1854
dqlh	1853
dqr	1856,1857
dr	117,142,143,145,146,147,154,1752,1754,1755,1756,1757,1858,1865,1866,1873,2220,5737,5738,5739,5740
drS	1875
drbn	1861
drbnh	1861
drd	1862
drdr	1863
drgzr	148
drk	1869,1870,4428
drkmn	1871
drkn	150
drl	5741
drm	151,1864
drmlk	152
drn	1860
drqn	1874
drt	155
drybS	1867
drym	115
drzd	149
dsh	1876
dt	1847,1877,1881,5715
dtbr	1884
dtn	1885,1886
dtym	5723
dy	1734,1736,1767,1773
dyS	1786
dyg	1771
dyh	1772,5714,5718
dyn	227,1781
dyq	1785
dzhb	1774
g	89,90,1341,1406,1463,5746,5747
gH	1518,1520
gHl	1513
gHm	1514
gHn	1512,1521
gHr	1515
gHz	1522
gS	1487,1607,1608,1659
gSm	1652,1653,1654,1655,1656
gSn	1529,1657
gSp	1658
gSr	1650
gb	1354,1356,1357,1358,1360,1375,1387,1388,1390,1391,1458,1460,1461,1462,1478,1507,4629,5689,5690,5748
gbH	1371
gbHt	1372
gbS	1378
gbh	1346,1361,1363,1364,1389,1390,1465,1466,1537,5691
gbht	1365
gbl	1366,1379,1380,1392
gblh	1367
gblt	1383
gbm	1374
gbn	1384,1386,1391
gbnh	1385
gbr	1368,1376,1391,1396,1397,1398
gbrh	1369,1377
gbrl	1403
gbrt	1404
gbt	1390
gbtn	1405
gby	1373,1462
gbyh	1472
gd	1407,1408,1409,1410,1413,1416,1417,1423,1424,1426,1438,1464,1517,1769
gdS	1430
gdbr	1489
gdgdh	2735
gdh	92,1415,1417
gdl	1419,1427,1431,1432,1433,1434,1435
gdlh	1420
gdlt	1437
gdlyh	1436
gdm	1440
gdn	1439,1441
gdp	1421,1442
gdph	1422
gdr	1443,1446,1447,1449
gdrh	1448,1449
gdrt	1449,1450
gdrtym	1453
gdyh	1415,1429
gh	1342,1343,1344,1454,1455,1456,1600,1601,5692
ghr	1457
gl	96,1345,1350,1351,1352,1523,1524,1530,1543,1544,1550,1551,1556,1557,1558,1559,1561,1566,1602,1603,1604,5694,5695,5696
glH	1548
glS	1570
glb	1532,1533
glbn	1549
gld	1533,1539,1568,3003,7433
glgl	1534,1536,1537,1551
glglt	1538
glh	1353,1473,1525,1540,1542,1543,1552,1617,5697,5698,5699
glm	1545,1554,1563,1564
glmd	1565
gln	1474,1542,5700
glt	1537,1546,5697
gly	1350,1562
glym	97
glyt	1555
gm	98,99,1571,1572,1573,5701
gmZ	1475
gmd	1574,1575
gml	1576,1577,1580,1581,1582,1583
gmlh	1578
gmn	100
gmr	1584,1586
gmryh	1587
gmz	1579
gn	101,1004,1347,1476,1588,1598,5702
gnb	1589,1590
gnbh	1591
gnbt	1592
gnh	1593
gnt	1527
gntn	1599
gnz	1595
gnzk	1597
gp	102,1479,1610,1611
gph	1480
gpn	1612
gpr	1613
gprt	1614
gr	94,103,107,1481,1482,1483,1484,1605,1615,1616,1617,1639,1641,1642,5693
grS	1644,1645
grSh	1646
grSm	1647,1648
grSn	1648
grb	1618,1619
grbl	1485
grd	1623
grgS	1622
grgr	1620
grgrt	1621
grh	95,1606,1624,1625,1626
grl	1486,1632
grm	1633,1634,1636
grn	1627,1637
grp	106,1640
grs	1638,1643
grt	107,1628
grtl	105
grz	1629
grzm	1630
grzn	1631
gt	1348,1660,1661,1665
gthHpr	1662
gtm	1609
gtr	1666
gtrmn	1667,2991
gtym	1664
gy	1471,1516,1661,1996,2800,3317,4417,6650,6859,8612
gym	1471
gyn	1349
gz	93,1468,1488,1494,1495,1503
gzbr	1489
gzh	1491,1492
gzl	1469,1497,1498
gzlh	1500
gzm	1501,1502
gzn	1470,1493
gzr	1504,1506,1507,1511
gzrh	1504,1508,1509
gzt	1496
h	162,165,1887,1929,1930,1931,1958,9008,9009,9011,9012,9023,9024,9034
hH	1889
hS	1954,3091
hSm	1953,3464
hSmt	2045
hSyh	1955
hZlh	2020
hZn	2021
hb	157,158,159,163,1933
hbh	160,1933,1942,1943
hbhb	1890
hbl	1891,1892,1893
hbn	1894
hbr	1895
hd	161,164,1906,1908,1912,1935,1936,1959
hdbh	1938
hdbr	1907
hdbyh	1938
hdh	1911
hdk	1915
hdm	1916,1917
hdp	1920
hdr	1908,1921,1925,1926
hdrh	1927
hdrm	151,1913,3141
hdrmn	1910
hdrzr	1909
hds	1918
hdsh	635
hdy	1914
hdybh	1938
hdyh	1940,1941
hdzr	1909
hg	1896,1901
hgbn	1902
hgh	1897,1898,1899
hgn	1903
hgr	1904,1905
hgrh	2290
hgt	1900
hk	1963,1980
hkl	1964
hkr	1970
hkrh	1971
hl	166,167,168,169,1966,1972,1974,1984,1985
hlb	171
hlbh	172
hlbmh	173
hlh	170,1947,1973
hlk	1978,1980,1982
hlkh	1979
hlm	174,1986,1988,2369
hlmt	1989
hlt	1948
hlz	1975,1977
hlzh	1976
hm	1944,1949,1950,1991,1992,2000,5983,9028,9038
hmh	1992,1993
hmlh	1999
hmn	1968,1995,2001
hmng	1996
hmnh	1997
hmnk	2002
hms	2003
hmyh	1998
hn	1931,1951,1952,1969,2005,2012,9029,9039
hnHh	2010
hnh	1931,2008,2009
hnm	8612
hpgh	2014
hpk	2015,2016,2017
hpkh	2018
hpkpk	2019
hr	2022,2023,2024,2043,5878
hrg	2026,2027
hrgh	2028,8612
hrh	2029,2030
hrhr	2031
hrl	2025
hrm	2036,2037
hrmn	2038
hrn	175,2032,2039
hrs	204,2040
hrsh	2034
hrst	2035
hryh	2030
hsh	2013
ht	2050
htk	2046,2047
htl	2048,2049
htr	1956
hy	1945
hydh	1960
hyh	1961,1962
hzh	1957
k	349,389,3587,3588,5910,9004,9021,9022,9031,9032,9041,9042
kH	3581
kHS	3584,3585,3586
kHd	3582
kHl	3583
kS	397,3568,3569,3570
kSb	5919
kSl	3781,3782
kSln	3783
kSn	3572
kSnrStym	3573
kSp	407,3784,3785,3786
kSr	834,3601,3787
kSrh	3574
kSrn	3788
kSt	3568
kb	3510,3511,3553,3556,3864
kbS	3533,3534,5908
kbSn	3536
kbd	350,3513,3514,3515,3516,3519,3520
kbdh	3520
kbdt	3517
kbh	3518,3551,3554
kbl	3521,3525
kbn	3522,3561
kbr	3523,3524,3527,3528,3529,5907,5909
kbrh	3530,3531
kbs	3526,3532
kbsh	3535
kbyh	3555
kd	390,3537,3589,3590
kdb	3538
kdkd	3539
kdn	3591,5225
kdr	1754,3593
kdrlmr	3540
kh	349,351,3512,3541,3543,3544,3545,3602
khl	3546
khn	3547,3548
khnh	3550
kl	398,400,401,3557,3605,3607,3608,3627,3628,3632,3634,3636
klH	3624,3625
klHzh	3626
klb	3609,3611,3612,3619,3620
klbn	3631
klbprth	3613
klby	3612
klh	396,402,3615,3616,3617,3618,3623
klhy	3622
klkl	3633
klkn	3588
klm	3637
klmd	3638
klmh	3639
klmt	3640
klnh	3641
klp	3597
kly	3596
klyh	3629
klym	3610
klyn	3630
km	518,1628,3588,3644,9026,9036
kmS	3645
kmh	3598,3642
kmhm	3643
kmn	3646
kmr	3648,3649,3650
kms	3647
kmz	3558
kn	403,1268,3559,3651,3653,3654,3657,3662,3665,3667,3669,3705,5912,9027,9037,9046,9047
knS	3664
knh	3641,3655,3657,3666,3668
knm	3660
knp	3670,3671
knr	3658
knrt	3672
kns	3664
knt	3674,3705
knyh	3078,3562,3663
kp	404,405,3709,3710,3721
kpS	3728
kph	3711,3712
kpl	3717,3718
kpn	3719,3720
kpr	3713,3715,3722,3723,3724,3725
kprh	3716
kprhmn	3723
kprm	207,3715
kprt	3727
kps	3714
kpt	3729
kptr	3730,3731,3732
kr	406,3564,3600,3603,3733,3734,3735,3738,3766,3767,3769,3774,5911,5912,5916
krS	3566
krSn	3565,3771
krb	3742,3743
krbl	3736,3737
krh	3738,3739,3740,3741
krkb	3749
krkm	3750
krkmS	3751
krkrh	3753
krks	3752
krm	3612,3754,3755,3756
krml	3758,3759,3760
krmlt	3760
krn	3763,5918
krps	3768
krs	3678,3770
krsm	3765
krt	3747,3748,3772,3774
krth	3773
krz	3744,3745
ks	197,3563,3599,3677,3678,3699,3707,3708,5913,5914
ksH	3683
ksb	3775
ksbh	3776
ksd	3777,3778
ksdy	3778
ksh	3680,3780,5915
ksl	3684,3685,3686,3688,3689
kslHm	3695
kslb	3691
kslh	3690
ksln	3692,3693
kslt	3687,3694
ksltbr	3694
ksm	3697
ksmt	3698
ksp	3700,3701
kspy	3703
kst	3682,3704
ksy	3681
kt	3794,3795,3807
ktS	3806
ktb	3789,3791
ktbt	3793
kth	3575
ktl	3796
ktlS	3798
ktm	3799,3800
ktnt	3801
ktp	3802
ktr	3803,3804
ktrt	3805
kyn	3594
kyr	3595
kzb	391,392,3576,3577,3579
kzr	393,394
kzryt	395
l	177,193,408,410,411,413,414,432,434,435,447,453,457,480,500,3068,3808,3815,3863,3883,3884,3886,3930,5763,5764,5768,5920,5921,5923,5940,5941,5942,5948,5953,5954,5966,6763,7777,9005
lH	444,3871,3892,3893,3895,3896
lHS	3873,3907,3908
lHZ	3905,3906
lHk	3897
lHm	3894,3898,3899,3901,3902
lHms	3903
lHn	445
lHnh	3904
lHrp	456
lHt	3872
lS	442,474,3888,3889
lSb	472
lSd	3955
lSh	473,3794
lSkh	3957
lSm	474,476,1835,3958
lSn	3956,3960
lSpt	478
lZ	509,3887,5970
lZn	3944
lZpn	469
lZr	468
lZt	5951
lb	446,453,3820,3823,3824,3833,3864,3878,3931
lbS	3830,3847
lbh	3826,3827,3834,3867,5766,5933
lbn	1004,3835,3836,3837,3838,3844,3845,5935
lbnh	3828,3829,3839,3841,3842,3843
lbt	3822,3832,3890
lbtl	416
lby	3833,3878
lbyh	3880
lbytn	3882
ld	419,449,496,3850,3865,3866
ldbr	3810
ldh	420,497,3935
ldn	3845,3936
lg	3849,3932,3933,3934,5926
lgbS	417
lgm	418
lh	421,422,423,424,425,427,428,433,453,3811,3812,3856,5927,5929,5930,5949,5955
lhb	3851
lhbh	3852
lhbm	3853
lhd	3855
lhg	3854
lhlh	3856
lhm	1389,3068,3859
lhn	3860
lhqh	3862
lht	3857,3858
lhysrl	415
lk	411
lkS	3923
lkd	3920,3921
lkh	3922
lm	197,198,199,361,362,463,481,482,483,3068,3816,3817,3818,3926,5769,5865,5867,5934,5956,5958
lmd	486,3925,3928
lmgm	484
lmh	485,5959
lmk	3929
lml	3927
lmlk	458,487
lmn	488,489,492,5964
lmndbltymh	5963
lmnh	490
lmnt	491
lmt	5961,5964
ln	352,356,411,436,437,438,3885,6049
lnbkt	439
lnbtHn	358
lnh	3939
lnm	493
lntn	494
lny	462
lp	441,502,503,504,505,507,5968
lpd	3940
lpdt	3941
lph	5969
lpl	465,508
lplh	466
lplt	467
lpny	6440
lprn	364
lpt	3943
lpz	464
lq	470,3952
lqH	3947,3948,3949
lqS	512,3953,3954
lqh	5936
lqm	510,3946
lqnh	511
lqt	3950,3951
lrHmh	3819
ls	5965
lsh	477,501,3962
lsr	495
lt	359,3813,3874,3875,3876,3909,3910,3917,3938,5952
ltS	3913
ltSHt	516
ltSm	3912
lth	448,3911,5939
ltk	3963
ltld	513
ltn	3877
ltq	514
ltqn	515
ly	194,195,480,3068,3916,3924,6756
lyHb	455
lyS	1835,3889,3918
lySb	475
lySh	3919
lyd	450
lyh	451,452,3914,5944,5950
lyhny	454
lylh	3915
lyn	1032,3068,5945
lyny	454
lyqm	471,3079
lysp	460
lz	1008,3868,3869,3870,3937,5937,5938,5947
lzbd	443
lzr	461,499
lzt	3891
lzy	498
m	368,517,518,532,538,2991,3971,4100,4310,4596,5971,5973,6004,9006,9025,9048
mH	4220,4221,4222,4239
mHSbh	4284
mHSk	4285
mHZ	4272,4273
mHZb	4274
mHZh	4275
mHZt	4276
mHb	4224
mHbm	4233
mHbrh	4226
mHbrt	4225
mHbt	4227
mHd	4240
mHgh	4230
mHgrt	4228
mHh	4229
mHl	4234,4235,4249
mHlZh	4254
mHlh	4244,4245,4246,4247
mHln	4248
mHlp	4252
mHlph	4253
mHlqh	4256
mHlqt	4256
mHlt	4257,4258,4259
mHly	4251
mHmZt	2557
mHmd	4261,4262
mHmh	4260
mHml	4263
mHnh	4264
mHnhdn	4265
mHnq	4267
mHnym	4266
mHq	4277
mHqr	4278
mHr	4242,4243,4279,5989
mHrSh	4281
mHrSt	4282
mHrh	4280
mHrt	4283
mHsh	4268
mHsm	4269
mHsp	4286
mHsr	4270
mHsyh	4271
mHt	287,4287
mHth	4288,4289
mHtrt	4290
mHyh	4241
mHyl	4232
mHz	4231
mHzh	4236,4237
mHzt	4238
mS	570,4184,4185,4187,4851,4897,4935,4959
mSH	4473,4886,4887,4899
mSHh	4888
mSHr	4891
mSHt	4889,4892,4893
mSb	4186,4857,4877
mSbZh	4865
mSbh	4878
mSbr	4866,4867
mSbt	4868
mSdy	5996
mSgh	4870,4879
mSh	4190,4859,4871,4872,4874,4875,4876
mSk	4332,4851,4900,4901,4902
mSkb	4904
mSkh	4189
mSklt	7921
mSkn	4908
mSl	4332,4474,4861,4910,4911,4912,4914,4915,4934
mSlH	4916
mSlHt	4917
mSlh	4475,4862
mSlm	4918,7967
mSlmt	4919,4921,4922
mSlmyh	4920
mSm	4926,4927,4936
mSmh	4923
mSmn	4924
mSmnh	4925
mSmr	4929
mSmrt	4931
mSmt	4928
mSn	4860,4937
mSnh	4932,4938
mSnt	4938
mSpHh	4940
mSpt	197,4941,4942
mSq	4476,4943,4944,4950
mSqh	4642,4945,8248
mSql	4946,4948
mSqlt	4949
mSqp	4947
mSr	834,4334,4339,4954
mSrh	4952
mSrq	4953
mSrt	4863
mSsh	4855,4933
mSsy	4640
mSt	4880
mStH	4894
mSth	4960
mStr	4896
mSzbl	4898
mZ	531,533,553,554,555,557,3981,4160,4161,4162,4330,4619,4671,4672,4702,4711
mZH	4696
mZHh	4697
mZb	4673,4674
mZbh	4620,4675,4676,4687
mZbt	4678
mZbyh	4677
mZd	4621,4679,4685,4703
mZdh	4685,4686
mZh	556,4156,4163,4680,4681,4682,4683
mZhlh	4684
mZlh	4688,4698,4699
mZlt	4700
mZnpt	4701
mZph	4707,4708,4709,7024,7433
mZpn	4710
mZq	4164,4165,4689,4690
mZqh	4166,4691
mZr	4622,4623,4692,4705,4706,4712,4714
mZrh	4694,4704
mZrp	4715
mZrym	4714,7883
mZt	4695
mZyh	558
mb	3996,4002,4124,4126
mbHr	4005,4006
mbS	4016
mbSlh	4018
mbZr	4013,4014
mbd	4566
mbdlh	3995
mbh	3996,4568
mbkh	3998
mbl	3999
mblgt	4010
mbn	4000
mbnh	4011
mbny	5444
mbqh	4003
mbr	4569
mbrH	4015
mbrh	4569
mbs	3965
mbsh	4001
mbsm	4017
mbt	4007,4008,4194
mbtH	4009
mby	3970
md	197,3966,4055,4058,4069,4093,4128,4129,4150,4151,4312,4461,4571,4612,4613,5973,5975,5976,5977,5982,6008
mdH	4065
mdHh	4072
mdHph	4073
mdSh	4098
mdb	4063,4311
mdbH	4196
mdbh	4064
mdbr	4057
mdh	4060,4091,4152,5979
mdhbh	4062
mdkh	4085
mdmn	4086
mdmnh	4087,4088,4089
mdn	4066,4067,4068,4080,4081,4090,4091,4574
mdnh	4082,4575
mdqrh	4094
mdr	4033,4576
mdrS	4097
mdrgh	4095
mdrh	4071
mdrk	4096
mdt	4099,4130,4154
mdy	1767,4074,4091,4572
mdyh	4590
mdyn	4079,4080
mg	4031,4127,4580
mgbS	4019
mgbh	4021
mgblh	4020
mgd	4022
mgdl	2606,4024,4025,4026,4027
mgdldr	4029
mgdlgd	4028
mgdn	4023
mgdnh	4030
mgl	4038,4570
mglh	4039
mgmh	4041
mgn	4042,4043
mgnh	4044
mgpS	4047
mgph	4046
mgr	4032,4033,4048
mgrS	4054
mgrh	4034,4035,4050,4052,4460
mgrmsb	6583
mgrn	4051
mgrph	4053
mgrt	4045
mgzrh	4037
mh	367,519,520,522,523,3967,3972,4026,4100,4102,4578,4579,5980,5981
mhd	5989
mhl	4107,4110,4111
mhlk	4109
mhlmh	4112
mhmh	4103
mhmn	4104
mhmrh	4113
mhpkh	4114
mhpkt	4115
mhr	4106,4116,4117,4118,4119
mhrSlHSbz	4122
mhrh	4120
mhry	4121
mhtbl	4105
mhtlh	4123
mhyrqn	4313
mk	4134,4352,4355,4582,4600
mkSl	4383
mkSlh	4384
mkb	4341
mkbh	4348
mkbnh	4343
mkbny	4344
mkbr	4342,4345,4346
mkh	758,4316,4318,4320,4321,4347,4582,4601
mkl	3978,4317,4323,4324,4358,4359,4360,4764
mklh	4356,4357
mklt	3979,3980,4361
mkmn	4362
mkmr	4364
mkmrt	4365
mkms	4363
mkmt	4366
mkn	4349,4462
mkndby	4367
mknh	4350,4368
mkns	4370
mkplh	4375
mkr	4353,4376,4377,4378,4381,4465
mkrh	4351,4379,4380
mkrt	4382,4466
mks	4371
mksh	4372,4373,4374
mkt	4601
mktS	4388,4389
mktb	4385
mkth	4386
mktm	4387
mkyh	4316,4318,4320,4321,4322,4601
ml	463,535,536,537,4135,4136,4390,4392,4393,4394,4407,4448,4598,4603,4604,4605,4606,4607,4611,5243,5988,5998,5999,6000,6001
mlH	4408,4414,4416,4417,4418,4419
mlHh	4420
mlHmh	4421
mlZ	4452
mlZh	4426
mlZr	4453
mlbS	4403
mlbn	4404
mld	4140
mldh	4137
mldt	4138
mlh	4139,4395,4396,4405,4425,4608,4609
mlhqrbm	4610
mlk	4397,4401,4409,4427,4428,4429,4432,4438,7975
mlkS	4444
mlkZdq	4442
mlkdt	4434
mlkh	4399,4410,4435,4436,4467
mlkl	4439
mlkm	4432,4445
mlkrm	4443
mlkt	4400,4438,4446,4447,4468
mlkyh	4441
mlmd	4451
mln	4411
mlnh	4412
mlq	4454,6002
mlqH	4455,4457
mlqS	4456
mlt	4402,4413,4422,4423
mltHh	4458
mlth	4973
mltyh	4424
mly	4450
mn	525,526,527,528,529,532,539,542,543,544,550,3231,3984,3985,3986,3987,4100,4327,4478,4480,4482,4488,4497,4507,4508,4513,4517,4583,4584,4586,4616,5983
mnH	4494,4495
mnHh	4496,4503,4506
mnHm	4505
mnHt	4506
mnS	4519
mnSh	4519,4872
mnd	4093,4493
mndb	3324,5971,5992
mngnh	4485
mnh	71,530,545,546,547,548,549,4487,4488,4489,4490,4585,4617,4618
mnhg	4491
mnhrh	4492
mnl	4514,4515,6005
mnlh	4512
mnm	551,552,4516
mnqyh	4518
mnr	4500
mnrh	4501
mns	4498
mnsh	4499
mnt	4511,4521,5983
mnty	4587
mnymn	4326,4509
mnyn	4489
mnzr	4502
mp	4155,4588,5297
mpH	4646,4647
mpZ	4650,4660,4661,6327
mpbSt	4648
mpg	4645
mph	3989
mpl	3990,4651,4659
mplZt	4656
mplgh	4653
mplh	4652,4654,4659
mpls	4657
mplt	4655,4658
mplyh	3991
mpm	4649
mpqd	4662
mprZ	4664
mprqt	4665
mprs	4666
mpsh	4667
mpt	4158,4159
mptH	4668,4669
mptn	4670
mq	425,1294,2275,3157,4167,4428,4615,4716,4743,5911,5987,6009,6010,6011,6012,6013,6939,7497,7708,8612
mqH	4727
mqHh	4728
mqS	4170,4625
mqSh	4748,4749,4750
mqZ	4739,4740
mqZh	4740,4741
mqbh	4718,4723,4724
mqbt	4718
mqd	4168
mqdS	4720
mqdh	4169,4719
mqh	4157,4624
mqhl	4721
mqhlt	4722
mql	4731
mqlt	4732,4733,4734
mqm	4725
mqnh	4735,4736
mqnyh	4737
mqr	4726,4744
mqrh	4745,4746,4747
mqsm	4738
mqtr	4729,6999
mqtrh	6999
mqtrt	4730
mr	201,534,559,561,562,563,564,566,567,3974,3982,3992,4171,4172,4470,4471,4472,4589,4626,4714,4751,4752,4753,4754,4756,4805,4806,4815,4827,4828,4843,4844,4847,5281,5995,6014,6016,6018,6785
mrH	4790,4799
mrHSt	4802
mrHb	4800
mrHq	4801
mrS	4180
mrSh	4181,4762,4763
mrSt	4183,4849
mrStgt	4182
mrZ	4793,4834,4836
mrZh	4637,4794,4835
mrZpt	4837
mrb	3993,4627,4628,4764
mrbZ	4769
mrbd	4765
mrbh	4766,4767,4808,4809
mrbl	4648
mrbq	4770
mrbt	4768,4812,4822
mrd	4174,4775,4777,4778,4779,4788
mrdk	4781
mrdkbldn	1255
mrdky	4782
mrdp	4783
mrdt	4780
mrg	4173,4771
mrgh	4774
mrglh	4772
mrgmh	4773
mrh	565,3975,3994,4172,4175,4176,4177,4629,4631,4632,4634,4758,4759,4760,4784,4785,4786,4787,4829,4845,4846,6017
mrk	4633,4816
mrkb	4817
mrkbh	4818
mrkh	4634
mrklt	4819
mrkt	4635
mrlh	4831
mrm	4636,4791,4792,6019
mrmh	4820,4821
mrms	4823
mrmt	4822
mrnt	4824
mrp	4832
mrpl	569
mrps	4833
mrq	4795,4838,4839
mrqH	4840
mrqHh	4841
mrqHt	4842
mrs	4825
mrsn	4826
mrt	4638,4796,4803,4814,4830
mrtym	894
mryh	568,4179,4811
mrym	4813
mrz	4789
mrzH	4797,4798
ms	3973,3988,4522,4523,4549,4550,4551,4853,4854,4856,5986,6006,6021
msH	4535
msHq	4890
msHr	4536
msb	4141,4524
msbh	4142,4533
msbr	4883
msbs	4885
msd	4143,4144,4527,4552
msdh	4144,4145
msdrn	4528
msgb	4869
msgr	4525
msgrt	4526
msh	4331,4337,4338,4529,4530,4531,4532,4614,4639,4852,4858
msk	4329,4469,4537,4538,4539
mskh	4534,4540,4541,4881
mskl	4905
mskn	4542
msknh	4543
msknt	4544
mskrt	4909
mskt	4545,4906
msl	4547
mslh	4546
msmr	4548
msmrh	4930
msp	4554
mspH	4939
mspHh	4555
mspHt	4556
mspd	4553
mspr	4557,4558
msprt	4558
msr	4147,4148,4560,4643
msrh	4149,4884,4951
msrph	4955
msrptmym	4956
msrqh	4957
msrt	4149,4562,4958
mst	4864
mstmh	4895
mstr	4563,4564,4565
msy	4640,6022
msyh	4641,6007
mt	571,4131,4132,4191,4192,4194,4291,4292,4302,4463,4591,4592,4593,4962,4991,5997
mtH	4969
mtHt	572
mtSl	4967
mtSlH	4968
mtb	4315
mtbH	4293
mtbh	4299
mtbn	4963
mtg	4964
mtghmh	1661
mth	4133,4294,4295,4296,4297,4298,4594,4992
mtknt	4971
mtl	4300
mtlh	4972,4973
mtm	4303,4974
mtmn	4301
mtn	574,4975,4976,4977,4979,4981
mtnh	4979,4980
mtns	5375
mtny	4982
mtnyh	4983,6667
mtpHt	4304
mtph	4595
mtq	4477,4966,4985,4986,4987
mtqh	4989
mtr	4195,4305,4306,4309,4340
mtrd	4308
mtrdt	4990
mtrh	4307
mty	573,4970
mtyh	4993
my	4597
mym	4325
mymn	4326
myn	4599
mysdh	4144
mz	227,4581
mzH	4206
mzb	4200
mzbH	4196
mzbd	5990
mzg	4197
mzh	4198,4199,4201
mzhb	4314
mzlg	4207
mzlgh	4207
mzlh	4208
mzmh	4209
mzmr	4210
mzmrh	4211,4212
mzn	3976,4202
mzr	4204,4205,4213,4218,4464
mzrH	4217
mzrh	4214,4215,4216
mzrq	4219
mzyh	4590
n	202,203,204,207,209,371,575,577,587,589,590,596,1992,4994,4995,4996,5106,5125,5126,5128,5204,5209,5881,6030,6040,6041,6042,6049,6051,6052,6054,9013,9019,9030,9035,9040,9043,9045,9049
nH	584,4496,5117,5146,5207
nHS	5153,5154,5172,5173,5175,5176,5892
nHSh	5154
nHSn	5177
nHSt	5178,5179
nHStn	5180
nHZ	5169
nHZr	5877
nHb	5147
nHdh	5876
nHh	585,5148,5283
nHl	812,3962,5157,5158,7796,7851,7883
nHlh	5155,5159
nHlm	5161
nHm	5150,5151,5162,5163,5164,7348
nHmh	5165
nHmn	5167
nHmyh	5166
nHn	587
nHr	5152,5156,5170
nHrd	5878
nHrh	5170
nHrt	588
nHry	5171
nHt	5181,5183,5184,5185,8459
nS	582,583,605,5136,5386,6064,6066
nSb	5380
nSh	5382,5383,5384
nSk	5391,5392
nSkh	5393
nSl	5394
nSm	5395,5397
nSmS	5885
nSmh	5397
nSn	802
nSp	5398,5399
nSq	5401,5402
nSqh	5390
nSr	5404
nSt	5405
nStbn	5406
nSyh	5388
nZ	5006,5132,5213,5285,5322,5323,5340
nZH	5329,5331,5332,5335
nZb	5324,5325,5333,5334
nZbh	5326
nZh	5007,5132,5133,5327,5328
nZl	5337
nZn	5339
nZr	5336,5341,5342
nb	5011,5012,5014,5015,5030,5042,5107,5108,6024,6025,6035,6036
nbH	5024,5025,7079
nbHz	5026
nbSn	5044
nbSzbn	5021
nbh	5016,5031,5115,5116,5210,6038
nbk	5033
nbkdnZr	5019
nbl	5034,5035,5036,5037,5122
nblh	5038,5039
nblt	5040,5041
nbrsh	5043
nbt	5022,5027,5028,5032,5121
nby	5109
nbzbh	5023
nbzrdn	5018
nd	4997,5067,5074,5076,5077,5110,5112,5113,5127,5205,6029
ndH	5080
ndb	5068,5070,5081,6929
ndbh	5071,5082
ndbk	5073
ndbyh	5072
ndh	5077,5078,5079,5206
ndn	5083,5084
ndnh	5084
ndp	5086
ndr	5087,5088,5874
ndyh	5129
ng	5060,5061,6026,6027,6028
ngH	5055,5056
ngS	5066
ngb	5045
ngd	5046,5047,5048,5057,5872
ngh	5050,5051,5052,5054
nglym	5882
ngn	5059
ngnh	5058
ngnm	5873
ngp	5062,5063
ngr	5064
ngs	5065
nh	578,579,589,4998,4999,5000,5089,5091,5092,5270,5272,5772,5868,6030,6031,6034,6053,9044
nhg	5090
nhl	5095,5096,5097
nhm	5098,5099
nhmh	5100
nhq	5101
nhqr	5875
nhr	5094,5102,5104,6578
nhrh	5105
nhyh	5093
nk	589,594,5218,5224
nkH	5227,5228
nkHh	5229
nkd	5220
nkh	5217,5221,5222,5223
nkl	5230,5231
nkn	3559,5225
nkr	5234,5235,5236,5237
nks	5233
nkt	5219,5238
nl	5272,5274,5275
nlh	5239
nm	208,593,5001,5002,5123,5273,5276,5277,5278,5281,5283,5873,6044,6047
nmS	5250
nmSpt	6946
nmbzh	5240
nmh	5124,5279
nml	3223,5241,5243
nmlh	5244
nmlk	6048
nmn	5282,5283
nmr	5246
nmrd	5248
nmrh	1039
nmrm	5249
nmt	5284
np	599,639,5003,5004,5005,5130,5131,5297,6057,6058
npH	5301,7079
npS	5305,5314,5315
npSsm	5300
npZ	5310,5311
npg	5298
nph	601,5299
npk	5306
npl	5303,5307,5309
npq	5312,5313
npsm	5300
npt	1756,5316,5317
nptH	5318
nptHm	5320
nptl	5319,5321,6943
nq	602,5008,5134,5343,5355,5357,5361,6059,6060,6061
nqS	5362,5367
nqb	129,5344,5345
nqbh	5347
nqbn	5356
nqd	5348,5349,5350,5353
nqdh	5351
nqh	603,604,5009,5352
nqm	5358,5359
nqmh	5360
nqp	5362,5363
nqph	5364
nqr	5365
nqrh	5366
nqt	6962
nr	22,5010,5135,5214,5215,5216,5271,5286,5287,5288,5289,5290,5369,6063,8590
nrd	5373
nrgl	5370,5883
nrglSrZr	5371
nrgn	7279
nrh	5291,5292,5295
nrmn	5871
nrn	5295
nrt	5296
nry	5293
nryh	5294,5374
ns	597,3068,5127,5211,5251,5263,5264,5265,5375,5387
nsH	5255
nsbh	5252
nsg	5253,5381
nsh	5254,5377,5378,5385
nsk	5257,5258,5259,5262
nsn	24
nsq	5266,5400
nsrk	5268
nst	5379
nt	5120,5193,5194,5195,5421,6039,6067,6068
ntH	5408,5409
ntS	5203,5428
ntSh	5189
ntZ	5422
ntb	5410
ntbh	5410
nth	859,5186
ntk	5413
ntl	5187,5190,5192
ntm	5196
ntn	859,5411,5414,5416
ntnl	5417
ntnm	8577
ntnmlk	5419
ntnyh	5418
ntp	5197,5198
ntpH	8599
ntph	5188,5199
ntpt	5199
ntq	5423,5424
ntr	5201,5425,5427
nts	5420
ntyh	6070
nyh	591,592,6043,6055
nym	5879
nyn	6045
nzd	5138
nzh	5137
nzl	5140
nzm	5141
nzq	5142,5143
nzr	5144,5145
p	637,639,645,661,5774,5775,6073,6079,6464,9017
pH	647,6315,6341,6351,6368
pHd	6342,6343,6344
pHdh	6345
pHh	6346
pHm	6352
pHr	6353
pHt	6354,6356
pHtmb	6355
pHz	6348,6349
pHzt	6350
pS	6335,6580
pSH	6582
pSHr	6583
pSn	6376
pSr	6592,6622,6623
pSt	6584
pSth	6593,6594
pZ	6327,6481,6482,6483
pZH	6476
pZh	6475
pZl	6478
pZlh	6479
pZm	6480
pZr	6484
pZrh	6477
pbst	6364
pd	640,641,646,6308,6365
pdh	642,6299
pdhZr	6301
pdhl	6300
pdn	643,6303,6307
pdr	6309
pdt	6304
pdy	6302
pdyh	6305
pdym	6306
pdyn	6306
pg	6293,6294,6313
pgS	6298
pgh	6291,6314
pgl	6292,6295
pgr	6296,6297
ph	374,375,644,659,660,5890,5891,6284,6285,6310,6311,6312,6326,6463
phHrt	6367
pk	6320,6378
pkh	6379
pkl	6369
pkrtZbym	6380
pl	648,651,652,654,6075,6076,6077,6316,6321,6381,6382,6383,6396,6414,6416,6419,6420,6466,6467,8407
plH	6398,6399,6400,6401
plHn	6402
plS	6428
plSt	1419,6429,6430
plZ	6426
plZt	6427
pldS	6394
pldh	6393
plg	6385,6387,6388,6389
plgS	6370
plgh	6390,6391
plh	653,6395,6415,6468
plk	6418
plmn	6423
pln	6397,6423
pls	6424,6425
plt	6397,6403,6404,6405,6406,6412,6431,6432
plth	6413
pltl	6406,6409
plty	6408,6469
pltyh	6410
plyh	6411,6417,6421
pm	6310,6470,6471
pmh	6371
pmn	6472
pn	212,655,6078,6312,6323,6325,6373,6435,6438,6443
pnHs	6372
png	6436
pnh	6437,6438,6440,6444
pnl	6439
pnm	6442
pnmh	6441
pnq	6445
pq	650,662,663,6328,6329,6375,6497
pqH	6491,6492,6493
pqHqH	6495
pqHyh	6494
pqd	894,6485,6490,6496
pqdh	6486
pqdm	6485
pqdn	6487
pqdt	6488
pqh	663,6330,6498
pr	211,665,666,6080,6081,6082,6083,6286,6287,6289,6332,6465,6473,6499,6501,6509,6517,6529,6544,6545,6565
prH	667,6515,6524,6525,6526
prS	6550,6551,6567,6569,6570,6571
prSdnh	6574
prSgn	6572
prSh	6575
prSndt	6577
prSz	6576
prZ	6530,6555,6556,6557
prZm	6559
prZz	5798,6560
prbr	6503
prbym	6516
prd	6504,6505,6514
prdh	6506,6507
prds	6508
prh	5224,6084,6288,6333,6509,6510,6511,6512,6513,6546,6547
prhHpr	6547
prhnkh	5224
prk	6531
prkt	6532
prm	6502,6533
prmSt	6534
prn	669,6085,6290
prnk	6535
prpr	6554
prq	6561,6563,6564
prs	6536,6537,6538,6539,6566
prsh	6541
prsky	671
prstky	671
prsy	6539
prt	669,672,5777,6334,6527,6528,6578
prth	672,1035
prtm	6579
prtn	6552
pry	6474
prym	669,5858
pryn	668
prz	6518,6521,6522
przh	6519
przl	1270
przn	6520
ps	656,657,6446,6447,6461,6585,6587
psH	6452,6453,6454,6455
psdm	658
psg	6448
psgh	6449
psh	6451,6581,6586,6588
psk	6457
psl	6458,6459
psntrn	6460
psph	6462
psq	6589
pt	6316,6336,6595,6596,6612,6621,6626
ptH	6603,6605,6607,6608
ptHh	6609
ptHn	6610
ptHyh	6611
ptS	6360,6361
ptSgn	6572
ptbg	6598
ptdh	6357
ptgl	6614
ptgm	6599
pth	6601
ptl	6317,6602,6616,6617
ptltl	6618
ptm	674,6597,6619
ptn	6377,6620
ptpr	6318,6319
ptr	6359,6362,6363,6604,6622
ptrh	6363
ptrn	6623
ptrs	6624,6625
pty	6613
ptyt	6615
py	5778
pyh	6366
pym	649
pz	210,6337,6338,6339
pzr	6340
q	689,5781,6892,6958,6970,7085
qS	6140,6141,6142,6983,7027,7029,7179,7190,7197
qSH	7188
qSb	7181,7182,7183
qSh	7180,7185,7186
qSn	7028
qSr	7194,7195,7196
qSt	6143,7189,7198,7199
qSyh	7029
qSyn	7191
qZ	6010,6972,6973,6974,6975,6976,7093,7106,7112
qZH	7100
qZb	7094,7095,7099
qZh	7096,7097,7098,7102,7103
qZn	7020,7101
qZp	7107,7109,7110
qZph	7111
qZr	7105,7114,7115,7116
qZt	7117
qb	6117,6118,6119,6120,6121,6126,6894,6895,6906,6957,6959
qbZ	6899,6908
qbZh	6910,6977
qbZl	6909
qbZym	6911
qbh	4723,6122,6896,6897,6898,6960,6961
qbl	2991,6901,6904,6905
qbn	7021
qbqb	6957
qbr	6912,6913
qbrh	6900
qbrthtbh	6914
qbt	6907
qd	6123,6124,6915
qdH	688,6919
qdHt	6920
qdS	1870,4809,6918,6942,6943,6944,6945,6946,7191
qdSbrn	6946
qdSh	6948
qdh	6916
qdm	6917,6921,6923,6924,6925
qdmh	6926,6927,6929
qdml	6934
qdmn	6930,6931,6935
qdmt	6932
qdmy	6933
qdqd	6936
qdr	6937,6938
qdrn	6939
qdrnt	6941
qdrt	6940
qh	6125,6949
qhl	6950,6951
qhlh	6952
qhlt	6953
qhlth	6954
qht	6955
qhyn	5356
ql	6127,6963,7031,7039,7043,7044,7049,7050,7051
qlHt	7037
qlSn	7053
qlh	6950,7033,7034,7045,7084
qln	7022,7036
qlql	6128,7052
qls	7046,7047
qlsh	7048
qlt	7038,7041,7042
qltn	6129
qly	7040
qlyh	6964,7041
qm	6965,7009
qmH	7058
qmS	7057
qmSn	7057
qmZ	7061,7062
qmh	6967,7012,7054
qml	7055,7060
qmn	7056
qmt	7059
qmy	3820
qmyt	6968
qn	3068,3292,6969,7017,7018,7064,7065,7067,7069,7072,7077
qnZ	7078
qnh	7015,7016,7068,7069,7070,7071
qnmn	7076
qnt	7079
qnyn	7075
qnz	7073,7074
qp	6971
qpZ	7092
qpd	7088,7090
qpdh	7089
qph	7087
qpn	7087
qpz	7091
qr	6131,6133,6134,6135,6979,6980,6981,7023,7024,7119,7120,7121,7122,7124,7147,7148,7167,7168
qrH	7139,7140,7141,7142,7143
qrHh	7144
qrHrs	7024
qrHt	7146
qrS	7175
qrZ	7169,7170,7171
qrb	6137,7126,7128,7130,7131,7138
qrbh	7132
qrbn	7133
qrdm	7134
qrh	6982,7086,7122,7135,7136,7137,7150
qrm	7159
qrn	6138,7160,7161
qrnhpk	7163
qrnm	6255
qrq	7172,7173
qrqr	7174
qrs	7026,7164,7165
qrsl	7166
qrt	7176
qrth	7003
qrtn	7178
qryh	7151
qryt	7152,7156
qrytHZt	7155
qrytbl	7157
qrytrb	2275
qrytsnh	1688
qrytym	7156
qrytyrm	7157
qs	7082
qsh	7184
qsm	7080,7081
qsqst	7193
qst	7083
qsth	7192
qt	6893,6962,6985,6990,7003
qtb	6986
qtl	6991,6993
qtn	6994,6995,6996,6997
qtp	6998
qtr	6999,7000,7001,7002,7008
qtrh	6988,6989
qtrn	7003
qtrs	7030
qtrt	7004
qyZ	7019
qyh	7006
qym	7010,7011
qyn	7013,7014,7017
qyt	7019
r	204,215,216,217,218,221,480,690,738,776,779,5210,5782,5783,5784,5785,5892,5893,5894,5896,5900,5901,6144,6145,6147,6176,6177,6179,6185,6199,6209,7209,7210,7321,7325,7377,7388,7451,7452,7453,7454,7462,7466,7471,7472,7489
rH	732,733,734,7306,7307,7381
rHS	7370
rHZ	7364,7366
rHZh	7367
rHb	1050,7337,7338,7339,7340,7341,7342,7343
rHbm	7346
rHbt	5210,7344
rHbyh	7345
rHh	736,737,7347
rHl	7353,7354
rHm	7348,7349,7355,7356,7357,7358,7360
rHmh	7358
rHmn	7362
rHp	7363
rHq	7350,7368,7369
rHt	7351,7371
rS	7218,7219,7220,7326,7389,7493,7494,7567
rSh	7221,7222,7564
rSm	7559
rSmS	1053
rSn	7223,7224
rSp	7565,7566
rSt	782,4763,7225,7568
rSyn	7558
rZ	776,777,6178,6184,6206,7323,7492,7518,7519,7527,7533
rZH	7523,7524
rZd	7520
rZh	7521
rZn	7522,7526
rZp	7528,7530,7531
rZph	7531,7532
rZy	7525
rb	693,694,695,696,702,704,6148,6149,6150,6151,6152,6153,6154,6156,6157,6158,6159,6721,7212,7227,7228,7230,7231,7232,7238,7239,7241,7243,7250,7251,7253,7254,7255,7256,7378,7379,7456,7457,7458
rbH	7304,7305
rbHh	7309
rbSqh	7262
rbZ	7257,7258
rbd	719,721,7234,7242
rbh	697,698,699,723,1026,4124,4417,5158,5983,6155,6160,6161,6172,7207,7233,7235,7301,7302
rbk	7246
rblh	7247
rbm	705
rbmg	7248
rbn	6162,7205,7459
rbnh	771
rbqh	7259
rbrb	7227
rbrbn	7227
rbsrs	7249
rbt	700,1026,7245
rbtym	702
rby	7243,7380
rbyh	7310
rd	714,720,5897,6166,6171,7286,7289,7300,7460,7461
rdh	7287,7461
rdm	7290
rdn	715,1719
rdp	7291
rdt	743
rdy	742,7288
rg	707,708,6165,7280,7281,7282
rgS	7283,7285
rgSh	7285
rgb	709,7263
rgbn	710
rgh	6170
rgl	7270,7272,7273
rglm	7274
rgm	7275,7276
rgmh	7277
rgmlk	7278
rgmn	713
rgn	7279
rgz	712,7264,7267,7268
rgzh	7269
rh	219,717,3068,6168,6169,7200,7201,7202,7203,7204,7297,7451,7462,7463,7464,7489
rhb	4714,7292,7294,7295,7296
rhgh	7303
rhmlH	5898
rht	7298
rhtmrm	3405
rk	748,750,751,752,753,757,6186,6187,7390,7391,7401
rkS	7399,7408,7409
rkb	7392,7393,7394,7395,7398
rkbh	86,7396
rkby	751
rkh	724,7397
rkl	3760,7400,7402
rklh	7404
rks	7405,7406,7407
rl	222,691,692,739,740,741,1845,3389,3503,6188,6189,7467,7477,7478
rlh	1537,6190,7479
rlyh	7480
rm	123,217,224,758,761,763,5902,5903,6174,6175,6191,6192,6193,6307,7213,7214,7311,7312,7315,7318,7410,7426,7481,7482
rmH	7420
rmZbh	760
rmh	725,4709,6194,6195,7208,7215,7316,7317,7318,7411,7413,7414,7415,7433,7483,7484
rmk	7424
rmlyh	7425
rmn	759,764,1829,5871,6196,7416,7417
rmnhrym	763
rmnprZ	7428
rms	7429,7430,7431,7486
rmt	762,1192,7419,7427,7432,7433,7435
rmtgld	7433
rmthmZph	7433
rmtlH	7437
rmtymZpm	4709
rmtzr	7320
rmyh	7422,7423,7480
rn	727,765,766,767,769,770,771,6197,7438,7442,7443,7488
rnHS	5904
rnbt	768
rnh	7439,7440,7441,7445
rp	6183,6201,6202,6203,7322,7491,7505
rpH	7506
rpS	7516
rpd	774,7502
rpdh	7507
rpdm	7508
rph	6204,7220,7383,7495,7496,7497,7498,7499,7503,7504
rpkSd	775
rpl	6205,7501
rpm	7497
rpq	7514
rps	7511,7515
rpsdh	7513
rpt	7384,7500,7517
rpyh	7498,7509
rpyn	7510
rq	776,6207,6208,7324,7385,7386,7534,7535,7536,7549,7550,7554,7555,7556
rqH	7543,7544,7545,7546,7547
rqHh	7548
rqb	7537,7538
rqbn	7539
rqd	7540
rqh	7541
rqm	7387,7551,7552
rqmh	7553
rqn	7542
rqt	7557
rs	781,6210,7447,7450
rsh	6182,7446,7561,7562,7563
rsn	7448,7449
rsy	747
rt	776,780,7212,7327,7374,7468,7469,7578
rtH	7570,7571
rtHSt	783
rtS	7376
rtb	7372,7373
rth	3399
rtm	7573,7574
rtmh	7575
rtpS	7375
rtq	7569,7576
rtqh	7569,7577
ryh	223,738,745,6181,7204,7211,7474
ryk	746
ryn	7475
rz	729,730,7328,7334
rzh	731,7329,7330
rzm	7335
rzn	7331,7332,7333,7336
s	609,5471,5483,5485,5517,5580,6071,6072,7797,7863,9007,9018
sH	5477,5501,7742,7808,7813,7878,7879,7880
sHb	5498
sHbh	5499
sHh	5478,5500,7811,7881
sHn	5511
sHp	5502
sHq	7814,7832
sHr	5503,5504
sHrh	5506,5507
sHrt	5508
sHt	7818
sb	5375,5433,5434,5435,5437,5439,6212,6215,7614,7632,7646,7647,7648,7649,7867,7869
sbh	5438,7653,7654,7872
sbk	5440,5441,5442,7639,7730,7754
sbkh	5443,7639,7755
sbky	5444
sbl	5445,5447,5448,5449
sblh	5450
sblt	5451
sbm	7643
sbn	5510,8342
sbnh	5482
sbr	6218,7663,7664
sbrh	7795
sbrq	7796
sbrym	5453
sbth	5454
sbtkh	5455
sd	5465,5475,5476,5582,7702,7874,7875
sdh	3526,7704
sdm	5467,7708
sdn	5466
sdr	5468
sdrh	7713
sdy	2768,7704
sg	5472,5473,5509,7679,7689,7735,7873
sgb	7682,7687
sgd	5456
sgh	7685
sglh	5459
sgn	5461
sgr	5458,5462,5474
sgrd	5464
sh	5429,5432,5484,5584,6213,7716
shd	7717
shdt	7433
shl	6214
shr	5469,5470
shrn	7720
sk	610,5480,5519,5520,5525,5526,7753,7899,7900,7906
skb	7907
skh	5521,5527,7754,7905
skl	5528,5529,5530,7919,7922
sklt	5531
skltn	7922
skn	5532,5533,7915
skr	5534,7916,7936,7938,7939,7940,8325
skrh	7916
skt	5522,5523,5535,7756
sktbnt	5524
skyh	7914
sl	5536,5537,5538,5543,5549,5553,5554,6221
slH	5545,5546
slHh	5547
slb	7958
sld	5539,5540
slh	5541,5542,5550
slhmHlqt	5555
slkh	5548
slm	5551,5556,7999,8007
slmh	8007,8008
slmn	8007
slmy	8014
sln	5544
slp	5557,5558
slq	5266
slslh	5552
slt	5560
sly	5543
sm	618,5561,7760
smH	8055,8056
smHh	8057
smdr	5563
smgrnb	5562
smh	7760
smk	5564
smkh	8063
smkyh	5565
sml	5566,8040,8041,8042
smlh	8071,8072
smn	5567
smpnyh	5481
smr	5568,5569
smt	8079
smy	5581
sn	611,2768,5430,5431,5512,5513,8130,8146
snHrb	5576
snblt	5571
snbr	5575
snh	619,5570,5572,5573,5574,8135
snm	5482
snpr	620,5579
snsn	5577
snsnh	5578
snt	621
sny	4057,5514
sp	43,614,622,623,624,625,5486,5488,5489,5490,5585,5586,5587,5588,5592,5593,5605
spH	5596,5599
spHt	5597
spd	5594
sph	626,627,5492,5589,5595,8193
spl	5602
spm	5587,8222
spmt	8224
spn	5603,5604,8226
spnh	5600
spq	5606,5607
spr	5601,5608,5610,5611,5612
sprb	5617
sprbym	5617
sprd	5614
sprh	5612,5615
sprn	629
sprt	5618
spsp	628
spt	630
spy	5593
sq	6229,6230,8242
sqd	8244
sql	5619
sqr	8265
sr	612,615,616,617,631,632,5493,5494,5495,5516,5518,5590,5591,5620,5637,6224,6235,6237,6240,7603,7787,8163,8164,8165,8175,8178,8181,8269,8311,8323
srH	5628,5629,8294
srHdn	634
srb	5621
srbl	5622
srd	5624,8277,8278,8279,8300,8301
srg	8276,8286,8299
srgn	5576
srh	5591,5626,5627,8166,8167,8183,8184,8185,8280,8282,8283
srk	5632,8288,8308
srl	840,844
srlh	841
srm	6242,8188
srn	5633,6241,6242
srp	8312,8313,8314,8315
srpd	5636
srph	5634,8316
srq	8291,8320,8321
srqh	8305,8321
srs	5631
srskm	8310
srt	8295,8296
sry	8283
sryh	8302,8304
sryn	5630
st	5496,5497,7613,7750,7846
stb	5638
sth	7847
stm	5640,7852
stn	7853,7854
stnh	7855,7856
str	635,5639,5641,5642,5643,5644,8368
strh	5643
sty	5479
syh	6222
t	225,226,328,853,854,855,859,2894,2916,5790,5842,5843,5860,6256,6261,8372,8377,8583,8591,8595
tH	2902,2915,8455,8459
tHS	8476,8477
tHblh	8458
tHh	2909,2910
tHkmn	2453
tHl	8463
tHlh	8462
tHlt	8431
tHms	8464
tHn	2911,2912,8465,8469
tHnh	2913,8466,8467,8468
tHpnHs	8471
tHpns	8472
tHr	2914,8390,8473
tHrh	8474
tHt	8478,8480,8482
tHtmHdS	8483
tHtn	1032,8481
tS	8671
tSb	8453
tSbZ	8665
tSbh	8453,8666
tSh	5846,8663,8668
tSm	8673
tSqh	8669
tSr	8391
tSrh	8670
tSyh	8454
tZ	8491
tZh	8444
tZmh	8592
tb	2883,2895,2896,2897,2898,3190,7725,8373,8420,8581
tbH	2873,2874,2875,2876
tbHh	2878,2879
tbHt	2880
tbZ	8405
tbdnyh	2899
tbh	2896,2901,8375,8378,8379,8392,8393,8427,8428,8429,8441
tbk	8432
tbl	856,2870,2871,2881,4902,8397,8398,8400,8422
tblqyn	8423
tblt	8399
tblyh	2882
tbn	8401,8402
tbnh	8394
tbnt	8403
tbr	2872,3694,7665,8396
tbrh	8404
tbrmn	2886
tbsh	8395
tbt	2884,2885,2887,2888,2908
tbyh	2900
td	329,6257,6259,6260,6264
tdh	8426,8584
tdhr	8410
tdl	8413
tdmr	8412
tdr	8411
tgh	8424
tgltplsr	8407
tgml	8408
tgrh	8409
tgrmh	8425
th	857,859,2937,5844,6258,8376,8414,8442,8582
thlh	8416,8417
thlkh	8418
thm	8415
thpkh	8419
thr	2889,2890,2891,2892
thrh	2893
tk	6269,8496,8500
tkHh	8433
tkHt	8433
tkh	8497
tklh	8502
tklt	8503,8504
tkn	8484,8505,8506,8507
tknh	8498
tknt	8508
tkrk	8509
tl	384,2048,2904,2919,2921,2924,2926,8437,8438,8439,8510,8511,8522,8524,8529,8586
tlH	8520
tlHrsh	8521
tlb	8512
tlbSt	8516
tlbh	8514
tld	8434
tldh	8435
tlg	7950
tlh	2924,8381,8438,8513,8518,8585
tlm	2923,2928,8525
tlmd	8527
tlmh	8587
tlmlH	8528
tlmn	2929
tlmy	8526
tln	8436
tlnh	8519
tlp	5847
tlpyh	8530
tlsr	8515
tlt	7969,7992
tltl	8534
tltlh	2925
tltn	7970
tlty	7992
tly	6270
tlyh	6271
tm	331,859,864,2930,2931,2938,2940,5862,6272,8380,8382,8485,8535,8537,8549,8550,8552
tmH	8547
tmd	8548
tmh	2930,2932,2933,8033,8538,8539,8540
tmhn	8541
tmk	8551
tml	865,8543
tmn	2934,8486,8487,8488,8554,8555
tmnh	8544,8553
tmntHrs	8556
tmntsrH	8556
tmr	385,8412,8558,8559,8560,8563,8564
tmrh	8490,8545,8561
tmrq	8562
tms	8557
tmth	8546
tmz	8542
tn	330,386,387,859,860,861,868,869,2916,2935,2943,2944,2979,3038,3098,5845,6273,8383,8565,8577
tnHm	8575
tnHmt	8576
tnSmt	8580
tnbh	8570
tng	8588
tnh	866,8384,8385,8566,8567,8569,8577
tnk	8571,8590
tnl	6274
tnm	388
tnmh	8572
tnp	2936
tnph	8573
tnr	4026,8574
tnt	8589
tntSlh	8387
tny	8674
tnyh	8386
tnyn	8147
tnynt	8147
tp	2945,2952,5848,8596,8608
tpH	2946,2947,2948,2949,8598,8599
tpS	2954
tpZh	8600
tph	2903,5774,8443
tpl	2950,8602,8603
tplZt	8606
tplh	8604,8605
tpn	8601
tpr	6856,8609
tprh	8597
tps	8610
tpsH	8607
tpsr	2951
tpt	2955,8611,8612
tpth	8612
tpty	8199
tq	862,6266,6267,6275,6276,6277,8619,8620,8628,8629
tqZn	6278
tqbh	8615,8616
tqht	8616
tql	8254,8255
tqm	8618
tqmh	8617
tqn	8626
tqp	8623,8630,8631,8633
tqph	8622
tr	332,333,334,870,2905,2961,5849,6279,6280,6281,6282,6697,7794,8179,8388,8389,8390,8446,8447,8448,8449,8593,8652
trH	2959,2960,8646
trHnh	8647
trS	8492,8657,8658,8659
trSt	8660
trZh	8656
trbh	8594
trbt	8635,8636
trd	2956
trdmh	8639
trgl	7270
trgm	8638
trh	2918,5850,5851,8451,8452,8643
trhqh	8640
trlh	8634,8653
trm	871,2958,2962
trmh	8641,8649
trmt	8649
trmyh	8642
trn	8147,8650
trp	2963,2964,2965
trph	2966,8644
trply	2967
trpm	8655
trs	8494
trt	5852,6283,8654
trtSpn	5855
trtbtyb	5854
trtdr	5853
trtn	8661
trtq	8662
try	8493
trzh	8645
ts	2907
tsh	8672
tsmt	8667
ty	863,3426,5793,6262
tyS	8495
tyh	6265
tz	8456
tznt	8457
y	188,335,3257,5857,9020
yH	3098,3109
yHZl	3183
yHbh	3160
yHd	3161,3162,3163,3173
yHdb	3162
yHdl	3164
yHdyh	3165
yHl	3171,3175,3176,3177
yHm	3179
yHmr	3180
yHmy	3181
yHn	3059,3110
yHp	3182
yHr	309
yHs	3187,3188
yHt	3189,3845
yHyh	3273
yHz	3059,3099
yHzl	3166
yHzql	3168
yHzqyh	2396,3169
yHzrh	3170
yHzyh	3167
yS	2976,3091,3101,3135,3266,3426,3442,3453,3469,3486,5906
ySH	3445
ySHyh	3439
ySb	41,3427,3428,3437,3440
ySbH	3431
ySbHsd	3142
ySbSbt	3434
ySbh	3438
ySblHm	1035
ySbm	3434
ySbnb	3430
ySbq	3435
ySbqSh	3436
ySbyh	3143,3145
ySh	3144,3444
ySm	3456,3457
ySmh	3451
ySml	3450,3458
ySmn	3452
ySmry	3461
ySmyh	3460
ySn	3462,3463,3464,3465
ySnh	3465,3466
ySph	3471,3472
ySpn	3473
ySpt	3146
ySr	3474,3475,3476,3477
ySrh	3483
ySrn	3478
ySsh	3454
ySt	3447
ySy	3448
ySyh	2977,3449,3470
yZ	3263,3289,3318,3326,3329,3331
yZHq	3327
yZHr	3328
yZb	3320,3330
yZdq	3087,3136
yZg	3322
yZhr	3323,3324
yZq	3332
yZqh	3333
yZr	3335,3336,3337,3338,6696,6874
yZt	3341
yZy	3326
yb	340,341,347,2968,2980,3097,3103,3437
ybHr	2984
ybS	3001,3002,3003
ybSh	3004
ybSt	3004
ybZ	3258
ybl	2981,2986,2988,2989,2990,3104,3105,3106
yblm	2991
ybm	2992,2993
ybmt	2994
ybn	2985,3120,3121
ybnh	2995
ybnl	2995
ybnyh	2997,2998
ybq	2999
ybrkyh	3000
ybs	2983,3389
ybsm	3005
yd	3027,3032,3034,3035,3037,3039,3045,3047,3111,3133,3259,5714
ydbS	3031
ydh	3034,3039,3040
ydl	3043
ydlh	3030
ydlp	3044
ydn	3036,3049
ydt	3033
ydtn	3038
ydyh	3042,3048,8010
yg	3018,3019,3021,3022,3023
ygb	3009,3010
ygbh	3011
ygdlyh	3012
ygh	3013,3014,3024
ygl	3008,3020
ygn	3015
ygr	3016,3017,3025,7433
yh	190,344,345,346,2969,3058,3068,3261
yhHn	3076
yhHz	274,3059
yhS	3091,3101
yhSb	3089
yhSbt	3089
yhSpt	3092,6939
yhZ	3096
yhZdq	3087
yhb	3051,3053
yhbh	3068,3389
yhbhSlm	3068
yhbhSmh	3389
yhbhZdqn	3068
yhbhns	3068
yhbhyrh	3068
yhbrm	5863
yhd	3054,3055,3063,3064,3065
yhdh	1938,1941,3063,3085,7157
yhdn	3086
yhdt	3063,3066,3067
yhdy	3056
yhdyh	3057
yhkl	3081
yhl	3094
yhlm	3095
yhndb	3082,3122
yhntn	3083,3122
yhr	3093
yhrm	3088,3141
yhsp	3130
yhyd	3077
yhykn	3078
yhyqm	3079
yhyrb	3080,3114
yhzbd	3075
yk	3197
ykH	3198
ykbd	3115
ykl	3081,3201
yklyh	3203
ykn	3078,3199,3275
yknyh	3078
yl	22,352,353,354,2973,2974,3100,3213,3214,3216,3262,3273,3276,3277,3278,3279,7586
yld	3205,3206,3209,3211
yldh	3207
yldt	3208
ylh	355,3132,3215,3280
ylk	1980
ylm	3281
yln	357,3210
ylpt	3217
ylq	3218
ylqt	3219
ylt	355,360
ym	366,3117,3119,3220,3222,5864,5868,6085
ymS	3237
ymh	3224
yml	3223
ymlh	3229
ymlk	3230
ymn	1144,3225,3226,3227,3231,3233,3234
ymnh	3232
ymr	3235
ymrh	3236
yn	369,370,3196,3282,3283,5859,5869,5871,8577
ynH	3239,5117
ynHh	3239
ynSp	3244
yndb	3082,3122
ynh	3123,3124,3238,3284
ynm	3241
ynq	3126,3243
ynqh	3242
ynqt	3127
yntlmrHqm	3128
yntn	3083,3110,3129
yny	3285
yp	3286,3287,3288,3305,3308,3309,5888,5889
ypH	3306,3307
ypdyh	3301
yph	3302,3303,3313,3314
yphpyh	3304
yplt	3310
ypnh	3312
ypt	3315
yptH	3316
yptHl	3317
yq	3363
yqS	3352,3353,3369
yqSn	3370
yqZ	3364
yqb	3342,3478
yqbZl	3343
yqbh	3291
yqd	3344,3350
yqdm	3347
yqh	3348,3349
yqm	3113,3137,3351,3356,3360,3362,6911
yqmyh	3359
yqn	3292
yqnm	3362
yqr	3357,3365,3366,3368
yqtl	3354,3371,5554
yqtn	3355
yr	669,1004,2971,2975,3293,3296,3372,3373,3384,3415,5895,7157
yrH	3386,3391,3392,3394,3398,3405,3603
yrHm	3395
yrHml	3396
yrS	3423
yrSh	3424,3425
yrSlm	3389
yrSyh	3298
yrb	3114,3199,3401,3402,8407
yrbSt	1439
yrbl	1439
yrbm	3379
yrby	3403
yrd	3381,3382
yrdn	3383
yrgm	3296
yrh	3085,3138,3139,3295,3374,3384,3407
yrk	3409
yrkh	3411
yrl	3385,3400
yrm	3088,3141,3693
yrmt	3406,3412
yrmy	3413
yrmyh	3414
yrn	3375
yrpl	3416
yrq	3387,3417,3418,3419
yrqm	3421
yrqn	3420
yrqrq	3422
yrsh	3388
yrt	3399,3408
yry	3140
yryh	3376,3404
ys	3299
ysHq	3327
ysd	3245,3246,3247
ysdh	3248
ysh	3467,3468
ysk	3251
yskh	3252
yskr	3485
ysl	3300
ysm	3455
ysmkyh	3253
ysp	3130,3254
yspyh	3131
ysr	3250,3256,5493
ysrl	3458,3478
ysrlh	841
ysrlt	3478
yt	853,3271,3289,3509,5861
ytb	3190,3427
ytbh	3192
ytbth	3193
ytd	3489
yth	3194
ytlh	3494
ytm	3147,3490
ytmh	3495
ytn	2978,3497
ytnl	3496
ytr	3148,3195,3491,3492,3493,3498,3499,3500,3503,3505,3506
ytrh	3502
ytrm	3507
ytrn	3504,3506
ytrt	3508
ytry	2979
yz	3151,3154,3267
yzbd	3107,3108
yzbl	3149
yzkr	3108
yzl	3268
yzlh	3152
yzn	2109
yznyh	2970,3153
yzr	3134,3270
yzrH	2226
yzrHyh	3156
yzrl	3157
yzrlt	3157
yzyh	3150,3269
z	227,228,1588,2097,2098,2111,2117,2123,2124,2127,5756,5794,5795,5797,5798,5807,5808,5810,5811,5813,5819
zH	2118
zHl	2119
zHlt	5883
zHt	2105
zb	231,2061,2062,2070,2099,2100,2101,2122,3389,5800
zbH	2076,2077,2078
zbd	2064,2065,2066,2067,2071,2139,2147,3108
zbdh	2080
zbdl	2068
zbdyh	2069
zbh	2113,2189,5805,5806
zbl	348,2073,2082,2083
zbln	2074
zbn	2081,2190,5801,7666
zbq	5802
zbt	2106
zby	229,2079
zd	235,2086,2102
zdn	2087,2121
zg	2085
zgd	5803
zh	2088,2090,2126,2188,5798,5804,7716
zhb	2091
zhm	2092,2093
zhr	2094,2096
zk	2134,2136,2141,2193
zkh	2135
zkr	2138,2139,2142,2143,2144,2145,2147
zkrh	234
zkrn	2146
zkryh	2144,2148
zkt	2137
zky	2140
zl	187,235,237,2107,2151,3268,5799,5816
zlh	2108
zlph	2152,2153
zlt	2149
zlzl	2150
zm	2104,2161,2162,2194,2195
zmbt	1041,5820
zmh	2154,2155
zmn	2163,2165
zmr	2067,2158,2159,2167,2168,2169,2171,2174
zmrh	2156,2160,2172,2173
zmrn	2175
zmrt	2176
zmzm	7497
zn	238,239,240,241,675,2109,2126,2177,2183,5821
znH	2182,2186
znSrh	242
znb	2179,2180
znh	2181
znq	2187
znt	2184,2185
zntbr	243
znyh	245,5822
zp	2128,2196,2197,2198
zph	2129
zprn	2202
zpt	2203
zq	2199,2212,5823
zqh	2131,2201,5824,5825
zqm	246
zqn	2204,2205,2206,2207,2208
zqnh	2209
zqp	2210
zr	44,232,247,248,2114,2115,2191,2213,2214,2220,2221,2232,2233,2235,2237,5809,5826,5827,5828,5829,5830,5836
zrH	249,250,2224,2225,2226
zrHyh	2228
zrS	2238
zrb	2215
zrbl	2216
zrd	2218
zrh	2116,2219,5833,5834,5835
zrl	5717,5816,5832,5837
zrm	2229,2230
zrmh	2231
zrn	2235
zrp	2222
zrq	2236
zrqm	5840
zrt	2239
zryh	274,3153,5818,5838
zrzp	2222
zrzr	2223
zt	2063,2240,5804
ztm	2241
ztn	2133
ztr	2242
zy	186,233,5814
zyh	5812,5818
zyt	2132
