book-overview-proverbs.html	v2.0 — the planning layer, rebuilt text-first from the Hebrew: attribution from the superscriptions alone, the arc across the collections on counted and reproducible measures, the Greek's rival arrangement, the preaching traps, and the nine-sermon unit plan.
proverbs-dig-deeper-macro-synthesis.html	Eight macro-arguments the eleven runs jointly demonstrate. Proverbs is not an anthology that later acquired a frame but a designed book, and the design shows in three registers that do not depend on each other.
dig-deeper-proverbs-sweep.html	The original sweep: all eighteen units at proportional depth with a cross-passage synthesis. The seedbed the solo digs grew from.
point-purpose-proverbs-series-introduction.html	The nine-sermon series plan, and the backbone of the opening survey sermon — a whole-book view with no single base text.
point-purpose-proverbs-1-1to7.html	Sermon 2 backbone &mdash; v4, refreshed against the 18 September dig: the FCF moved from the voices to the position (v.5 &rarr; v.4), the חָכְמָה וּמוּסָר bracket made the spine, and the 1:3 &rarr; 2:9 handover confirmed audible in NIV84.
point-purpose-proverbs-2.html	Sermon 3 backbone &mdash; v3, refreshed against the 18 September dig: out of both passivity and self-reliance into asking, on the כִּי of 2:6; the 1:3 &rarr; 2:9 handover made the third movement; the alphabet claim corrected and the NIV84 pulpit cost named.
dig-deeper-proverbs-1-1to7.html	The preamble bracketed by a single word-pair — <i>&#7717;okm&#226; &#251;m&#251;s&#257;r</i> at verse 2 and again at verse 7 — and the bracket is the argument.
dig-deeper-proverbs-2.html	One sentence, twenty-two verses: three conditions, <i>then</i>, <i>for</i>, <i>then</i>, <i>for</i>, and two purpose-infinitives of rescue. The chapter that sets the agenda for chapters 3&ndash;7.
dig-deeper-proverbs-1-8to9-18.html	The frame entire. Chapter 2 announces a programme and chapters 3&ndash;7 execute it in order; ten lectures and five interludes, with Wisdom and Folly calling from the same height in chapter 9.
dig-deeper-proverbs-10-1to22-16.html	Solomon I, the umbrella pass (18 Sep 2026) &mdash; what the two halves jointly show: one deposit taught by two methods, welded by 16:25's reprint of 14:12; six measures moving at the seam and the speech rate holding; seven chains crossing it; and three New Testament citations, none of them from the Hebrew as the corpus holds it.
dig-deeper-proverbs-22-17to24-34.html	The Words of the Wise &mdash; a fresh text-first dig (23 Sep 2026): the book's most prohibitive and most directly addressed material (22 &quot;do not&quot;s and 22 grounds in 82 verses), the only setumah in Proverbs at 24:22 where the Greek inserts Agur, the unresolved crux at 22:20 that NIV84 settles as &quot;thirty&quot;, and Romans 2:6 blended from the Greek of 24:12 and Psalm 61:13.
dig-deeper-proverbs-25-1to29-27.html	Hezekiah&rsquo;s transcription &mdash; a fresh text-first dig (27 Sep 2026): three nested silences, all ending inside ch. 28; seven measures that split 25&ndash;27 from 28&ndash;29; the one <i>da&lsquo;at</i> in 138 verses, and it is about the poor; 3:7&rsquo;s prohibition turned into four case studies welded to 25:2&rsquo;s <i>&#7717;&#257;qar</i> at 28:11; and Rom 12:20&rsquo;s cut.
dig-deeper-proverbs-30-1to31-9.html	Agur and Lemuel&rsquo;s mother &mdash; a fresh text-first dig (27 Sep 2026): 30:2&ndash;3 revokes 9:10 in its own words (<i>da&lsquo;at q&#601;d&#333;&#353;&#238;m</i> stands in two verses of the Hebrew Bible); <i>n&#601;&#702;um hagge&#7687;er</i> four times in the canon &mdash; Balaam, David&rsquo;s last words, Agur; the Greek reverses the confession and has neither Agur nor Lemuel; 30:4 is the one ascent-and-descent question John 3:13 matches; and the poor frame the unit at 30:14 and 31:9.
dig-deeper-proverbs-31-10to31.html	The closing acrostic &mdash; a fresh text-first dig (27 Sep 2026): five verified chains tie the poem to personified Wisdom (<i>p&#601;n&#238;n&#238;m</i>, <i>&#353;a&#703;ar</i>, <i>&#347;&#7717;q</i>, <i>&#702;&#353;r</i>&nbsp;piel&nbsp;+&nbsp;<i>tmk</i>, <i>m&#7779;&#702;</i>); twenty-two verses contain one imperative and it is addressed to the reader, not to her; 27:2&rsquo;s ban on self-praise is performed at 31:28&ndash;31; seven of the book&rsquo;s chains end here and the motto closes in the adjective; and the Greek finds the ending hard enough to praise the husband instead.
dig-deeper-proverbs-10-1to15-33.html	Solomon I, first half &mdash; a fresh text-first dig (18 Sep 2026): the collection's boundaries shown to be Masoretic (Swete has no superscription at 10:1, and MT 15:33 stands at Swete 16:4), the contrast engine measured four ways, and 1 Peter 4 quoting the collection twice &mdash; once following the Hebrew, once the Greek.
dig-deeper-proverbs-16-1to22-16.html	Solomon I, second half &mdash; a fresh text-first dig (18 Sep 2026): the antithesis engine switched off (5.2%, three chapters at zero), the man/YHWH couplet counted in seven sentences, the book's longest divine-name run straddling the 15:33/16:1 seam, and 2 Cor 9:7 resting on a Greek plus at 22:8 with no Hebrew behind it.
proverbs-collections-assessment.html	Ansberry&rsquo;s collection scheme for Proverbs 10&ndash;29 tested against the text before the sweeps began. It stands &mdash; with three corrections and one caution.
proverbs-logos-research-audit-21-august.html	Thirty-three manual library returns graded against the open questions of the 1:1&ndash;7, Proverbs 2 and 1:8&ndash;9:18 reports. The status board near the top overrides every other status statement.
proverbs-perplexity-pass-audit.html	Twenty answers audited: eleven adopted as given, six with qualification, three rejected &mdash; including one claim the Hebrew text refutes outright.
proverbs-lxx-pluses-survey.html	The whole book read against the Greek at last. Forty-eight lettered pluses and twenty-four Hebrew verses with no Greek counterpart &mdash; concentrated, not scattered: eighteen in the frame, none at all in 30&ndash;31.
proverbs-in-brief.html	The forest, for use while working in the wood. A one-page spine of the book&rsquo;s argument, then one card per sermon &mdash; the strongest finding, the Big Question&rsquo;s answer, the Christ line and the trap. Compression only; no new findings.
point-purpose-proverbs-1-1to9-18.html	Sermon 4 backbone &mdash; v2 on the whole frame (1:1&ndash;9:18): the handover of voice from father to Wisdom, the three escalating calls, 1:28 answered at 8:17, and the four identical words at 9:4 and 9:16.
point-purpose-proverbs-10-1to22-16.html	Sermon 5 backbone &mdash; v2 on the three September runs: the world sorted, the crest, the auditor disqualified &mdash; three movements on the transmitted paragraphs, welded by 16:25's reprint of 14:12, landing on 20:9 and answered in its own vocabulary at 1 John 1:7.
point-purpose-proverbs-22-17to24-34.html	Sermon 6 backbone &mdash; v2 on the 23 September dig: wisdom from an unnamed collective, re-founded on trust at 22:19 before a single prohibition, and tested at the gate, the boundary stone and the excuse of 24:12. Four movements on the transmitted paragraphs; highest moralism risk in the series, with the text's own guard named.
point-purpose-proverbs-25-1to29-27.html	Sermon 7 backbone, v2 (27 Sep 2026), rebuilt on the fresh whole-unit dig &mdash; the withheld name as the collection&rsquo;s method, 26:12 and 28:11 as trapdoors under the sermon the material invites, and the verdict that has to come from outside (27:2). Four movements; NIV84 pulpit notes on 28:26 and 29:7.
point-purpose-proverbs-30-1to31-9.html	Sermon 8 backbone, v2 (27 Sep 2026), rebuilt on the fresh dig &mdash; Agur revokes 9:10 in its own words, 30:4&rsquo;s question is held open until the end of movement 3, and the unit&rsquo;s frame runs from the poor devoured (30:14) to the poor defended (31:9). Four movements; NIV84 pulpit notes on 30:7 and 31:8, both on a movement&rsquo;s hinge.
point-purpose-proverbs-31-10to31.html	Sermon 9 backbone, closing the series &mdash; one imperative in twenty-two verses, it is the book&rsquo;s last word, and it is addressed to the observer: recognise wisdom in another and say so publicly.
