@orientation	Start here — orientation and sermon plans
dig-deeper-proverbs-1-1to7.html	The preaching units — one document per sermon in the nine-sermon series
dig-deeper-proverbs-2.html	The preaching units — one document per sermon in the nine-sermon series
dig-deeper-proverbs-1-1to9-18.html	The preaching units — one document per sermon in the nine-sermon series
dig-deeper-proverbs-10-1to22-16.html	The preaching units — one document per sermon in the nine-sermon series
dig-deeper-proverbs-22-17to24-34.html	The preaching units — one document per sermon in the nine-sermon series
dig-deeper-proverbs-25-1to29-27.html	The preaching units — one document per sermon in the nine-sermon series
dig-deeper-proverbs-30-1to31-9.html	The preaching units — one document per sermon in the nine-sermon series
dig-deeper-proverbs-31-10to31.html	The preaching units — one document per sermon in the nine-sermon series
dig-deeper-proverbs-10-1to15-33.html	Solomon I — the two halves behind sermon 5, read with the umbrella pass
dig-deeper-proverbs-16-1to22-16.html	Solomon I — the two halves behind sermon 5, read with the umbrella pass
