ref	word	lemma	pos	parse
Col 1:1	Παῦλος	Παῦλος	N-	----NSM-
Col 1:1	ἀπόστολος	ἀπόστολος	N-	----NSM-
Col 1:1	Χριστοῦ	Χριστός	N-	----GSM-
Col 1:1	Ἰησοῦ	Ἰησοῦς	N-	----GSM-
Col 1:1	διὰ	διά	P-	--------
Col 1:1	θελήματος	θέλημα	N-	----GSN-
Col 1:1	θεοῦ	θεός	N-	----GSM-
Col 1:1	καὶ	καί	C-	--------
Col 1:1	Τιμόθεος	Τιμόθεος	N-	----NSM-
Col 1:1	ὁ	ὁ	RA	----NSM-
Col 1:1	ἀδελφὸς	ἀδελφός	N-	----NSM-
Col 1:2	τοῖς	ὁ	RA	----DPM-
Col 1:2	ἐν	ἐν	P-	--------
Col 1:2	Κολοσσαῖς	Κολοσσαί	N-	----DPF-
Col 1:2	ἁγίοις	ἅγιος	A-	----DPM-
Col 1:2	καὶ	καί	C-	--------
Col 1:2	πιστοῖς	πιστός	A-	----DPM-
Col 1:2	ἀδελφοῖς	ἀδελφός	N-	----DPM-
Col 1:2	ἐν	ἐν	P-	--------
Col 1:2	Χριστῷ	Χριστός	N-	----DSM-
Col 1:2	χάρις	χάρις	N-	----NSF-
Col 1:2	ὑμῖν	σύ	RP	----DP--
Col 1:2	καὶ	καί	C-	--------
Col 1:2	εἰρήνη	εἰρήνη	N-	----NSF-
Col 1:2	ἀπὸ	ἀπό	P-	--------
Col 1:2	θεοῦ	θεός	N-	----GSM-
Col 1:2	πατρὸς	πατήρ	N-	----GSM-
Col 1:2	ἡμῶν	ἐγώ	RP	----GP--
Col 1:3	Εὐχαριστοῦμεν	εὐχαριστέω	V-	1PAI-P--
Col 1:3	τῷ	ὁ	RA	----DSM-
Col 1:3	θεῷ	θεός	N-	----DSM-
Col 1:3	πατρὶ	πατήρ	N-	----DSM-
Col 1:3	τοῦ	ὁ	RA	----GSM-
Col 1:3	κυρίου	κύριος	N-	----GSM-
Col 1:3	ἡμῶν	ἐγώ	RP	----GP--
Col 1:3	Ἰησοῦ	Ἰησοῦς	N-	----GSM-
Col 1:3	Χριστοῦ	Χριστός	N-	----GSM-
Col 1:3	πάντοτε	πάντοτε	D-	--------
Col 1:3	περὶ	περί	P-	--------
Col 1:3	ὑμῶν	σύ	RP	----GP--
Col 1:3	προσευχόμενοι	προσεύχομαι	V-	-PMPNPM-
Col 1:4	ἀκούσαντες	ἀκούω	V-	-AAPNPM-
Col 1:4	τὴν	ὁ	RA	----ASF-
Col 1:4	πίστιν	πίστις	N-	----ASF-
Col 1:4	ὑμῶν	σύ	RP	----GP--
Col 1:4	ἐν	ἐν	P-	--------
Col 1:4	Χριστῷ	Χριστός	N-	----DSM-
Col 1:4	Ἰησοῦ	Ἰησοῦς	N-	----DSM-
Col 1:4	καὶ	καί	C-	--------
Col 1:4	τὴν	ὁ	RA	----ASF-
Col 1:4	ἀγάπην	ἀγάπη	N-	----ASF-
Col 1:4	ἣν	ὅς	RR	----ASF-
Col 1:4	ἔχετε	ἔχω	V-	2PAI-P--
Col 1:4	εἰς	εἰς	P-	--------
Col 1:4	πάντας	πᾶς	A-	----APM-
Col 1:4	τοὺς	ὁ	RA	----APM-
Col 1:4	ἁγίους	ἅγιος	A-	----APM-
Col 1:5	διὰ	διά	P-	--------
Col 1:5	τὴν	ὁ	RA	----ASF-
Col 1:5	ἐλπίδα	ἐλπίς	N-	----ASF-
Col 1:5	τὴν	ὁ	RA	----ASF-
Col 1:5	ἀποκειμένην	ἀπόκειμαι	V-	-PMPASF-
Col 1:5	ὑμῖν	σύ	RP	----DP--
Col 1:5	ἐν	ἐν	P-	--------
Col 1:5	τοῖς	ὁ	RA	----DPM-
Col 1:5	οὐρανοῖς	οὐρανός	N-	----DPM-
Col 1:5	ἣν	ὅς	RR	----ASF-
Col 1:5	προηκούσατε	προακούω	V-	2AAI-P--
Col 1:5	ἐν	ἐν	P-	--------
Col 1:5	τῷ	ὁ	RA	----DSM-
Col 1:5	λόγῳ	λόγος	N-	----DSM-
Col 1:5	τῆς	ὁ	RA	----GSF-
Col 1:5	ἀληθείας	ἀλήθεια	N-	----GSF-
Col 1:5	τοῦ	ὁ	RA	----GSN-
Col 1:5	εὐαγγελίου	εὐαγγέλιον	N-	----GSN-
Col 1:6	τοῦ	ὁ	RA	----GSN-
Col 1:6	παρόντος	πάρειμι	V-	-PAPGSN-
Col 1:6	εἰς	εἰς	P-	--------
Col 1:6	ὑμᾶς	σύ	RP	----AP--
Col 1:6	καθὼς	καθώς	C-	--------
Col 1:6	καὶ	καί	D-	--------
Col 1:6	ἐν	ἐν	P-	--------
Col 1:6	παντὶ	πᾶς	A-	----DSM-
Col 1:6	τῷ	ὁ	RA	----DSM-
Col 1:6	κόσμῳ	κόσμος	N-	----DSM-
Col 1:6	ἐστὶν	εἰμί	V-	3PAI-S--
Col 1:6	καρποφορούμενον	καρποφορέω	V-	-PMPNSN-
Col 1:6	καὶ	καί	C-	--------
Col 1:6	αὐξανόμενον	αὐξάνω	V-	-PPPNSN-
Col 1:6	καθὼς	καθώς	C-	--------
Col 1:6	καὶ	καί	D-	--------
Col 1:6	ἐν	ἐν	P-	--------
Col 1:6	ὑμῖν	σύ	RP	----DP--
Col 1:6	ἀφ’	ἀπό	P-	--------
Col 1:6	ἧς	ὅς	RR	----GSF-
Col 1:6	ἡμέρας	ἡμέρα	N-	----GSF-
Col 1:6	ἠκούσατε	ἀκούω	V-	2AAI-P--
Col 1:6	καὶ	καί	C-	--------
Col 1:6	ἐπέγνωτε	ἐπιγινώσκω	V-	2AAI-P--
Col 1:6	τὴν	ὁ	RA	----ASF-
Col 1:6	χάριν	χάρις	N-	----ASF-
Col 1:6	τοῦ	ὁ	RA	----GSM-
Col 1:6	θεοῦ	θεός	N-	----GSM-
Col 1:6	ἐν	ἐν	P-	--------
Col 1:6	ἀληθείᾳ	ἀλήθεια	N-	----DSF-
Col 1:7	καθὼς	καθώς	C-	--------
Col 1:7	ἐμάθετε	μανθάνω	V-	2AAI-P--
Col 1:7	ἀπὸ	ἀπό	P-	--------
Col 1:7	Ἐπαφρᾶ	Ἐπαφρᾶς	N-	----GSM-
Col 1:7	τοῦ	ὁ	RA	----GSM-
Col 1:7	ἀγαπητοῦ	ἀγαπητός	A-	----GSM-
Col 1:7	συνδούλου	σύνδουλος	N-	----GSM-
Col 1:7	ἡμῶν	ἐγώ	RP	----GP--
Col 1:7	ὅς	ὅς	RR	----NSM-
Col 1:7	ἐστιν	εἰμί	V-	3PAI-S--
Col 1:7	πιστὸς	πιστός	A-	----NSM-
Col 1:7	ὑπὲρ	ὑπέρ	P-	--------
Col 1:7	ἡμῶν	ἐγώ	RP	----GP--
Col 1:7	διάκονος	διάκονος	N-	----NSM-
Col 1:7	τοῦ	ὁ	RA	----GSM-
Col 1:7	Χριστοῦ	Χριστός	N-	----GSM-
Col 1:8	ὁ	ὁ	RA	----NSM-
Col 1:8	καὶ	καί	D-	--------
Col 1:8	δηλώσας	δηλόω	V-	-AAPNSM-
Col 1:8	ἡμῖν	ἐγώ	RP	----DP--
Col 1:8	τὴν	ὁ	RA	----ASF-
Col 1:8	ὑμῶν	σύ	RP	----GP--
Col 1:8	ἀγάπην	ἀγάπη	N-	----ASF-
Col 1:8	ἐν	ἐν	P-	--------
Col 1:8	πνεύματι	πνεῦμα	N-	----DSN-
Col 1:9	Διὰ	διά	P-	--------
Col 1:9	τοῦτο	οὗτος	RD	----ASN-
Col 1:9	καὶ	καί	D-	--------
Col 1:9	ἡμεῖς	ἐγώ	RP	----NP--
Col 1:9	ἀφ’	ἀπό	P-	--------
Col 1:9	ἧς	ὅς	RR	----GSF-
Col 1:9	ἡμέρας	ἡμέρα	N-	----GSF-
Col 1:9	ἠκούσαμεν	ἀκούω	V-	1AAI-P--
Col 1:9	οὐ	οὐ	D-	--------
Col 1:9	παυόμεθα	παύω	V-	1PMI-P--
Col 1:9	ὑπὲρ	ὑπέρ	P-	--------
Col 1:9	ὑμῶν	σύ	RP	----GP--
Col 1:9	προσευχόμενοι	προσεύχομαι	V-	-PMPNPM-
Col 1:9	καὶ	καί	C-	--------
Col 1:9	αἰτούμενοι	αἰτέω	V-	-PMPNPM-
Col 1:9	ἵνα	ἵνα	C-	--------
Col 1:9	πληρωθῆτε	πληρόω	V-	2APS-P--
Col 1:9	τὴν	ὁ	RA	----ASF-
Col 1:9	ἐπίγνωσιν	ἐπίγνωσις	N-	----ASF-
Col 1:9	τοῦ	ὁ	RA	----GSN-
Col 1:9	θελήματος	θέλημα	N-	----GSN-
Col 1:9	αὐτοῦ	αὐτός	RP	----GSM-
Col 1:9	ἐν	ἐν	P-	--------
Col 1:9	πάσῃ	πᾶς	A-	----DSF-
Col 1:9	σοφίᾳ	σοφία	N-	----DSF-
Col 1:9	καὶ	καί	C-	--------
Col 1:9	συνέσει	σύνεσις	N-	----DSF-
Col 1:9	πνευματικῇ	πνευματικός	A-	----DSF-
Col 1:10	περιπατῆσαι	περιπατέω	V-	-AAN----
Col 1:10	ἀξίως	ἀξίως	D-	--------
Col 1:10	τοῦ	ὁ	RA	----GSM-
Col 1:10	κυρίου	κύριος	N-	----GSM-
Col 1:10	εἰς	εἰς	P-	--------
Col 1:10	πᾶσαν	πᾶς	A-	----ASF-
Col 1:10	ἀρεσκείαν	ἀρεσκεία	N-	----ASF-
Col 1:10	ἐν	ἐν	P-	--------
Col 1:10	παντὶ	πᾶς	A-	----DSN-
Col 1:10	ἔργῳ	ἔργον	N-	----DSN-
Col 1:10	ἀγαθῷ	ἀγαθός	A-	----DSN-
Col 1:10	καρποφοροῦντες	καρποφορέω	V-	-PAPNPM-
Col 1:10	καὶ	καί	C-	--------
Col 1:10	αὐξανόμενοι	αὐξάνω	V-	-PPPNPM-
Col 1:10	τῇ	ὁ	RA	----DSF-
Col 1:10	ἐπιγνώσει	ἐπίγνωσις	N-	----DSF-
Col 1:10	τοῦ	ὁ	RA	----GSM-
Col 1:10	θεοῦ	θεός	N-	----GSM-
Col 1:11	ἐν	ἐν	P-	--------
Col 1:11	πάσῃ	πᾶς	A-	----DSF-
Col 1:11	δυνάμει	δύναμις	N-	----DSF-
Col 1:11	δυναμούμενοι	δυναμόω	V-	-PPPNPM-
Col 1:11	κατὰ	κατά	P-	--------
Col 1:11	τὸ	ὁ	RA	----ASN-
Col 1:11	κράτος	κράτος	N-	----ASN-
Col 1:11	τῆς	ὁ	RA	----GSF-
Col 1:11	δόξης	δόξα	N-	----GSF-
Col 1:11	αὐτοῦ	αὐτός	RP	----GSM-
Col 1:11	εἰς	εἰς	P-	--------
Col 1:11	πᾶσαν	πᾶς	A-	----ASF-
Col 1:11	ὑπομονὴν	ὑπομονή	N-	----ASF-
Col 1:11	καὶ	καί	C-	--------
Col 1:11	μακροθυμίαν	μακροθυμία	N-	----ASF-
Col 1:11	μετὰ	μετά	P-	--------
Col 1:11	χαρᾶς	χαρά	N-	----GSF-
Col 1:12	εὐχαριστοῦντες	εὐχαριστέω	V-	-PAPNPM-
Col 1:12	τῷ	ὁ	RA	----DSM-
Col 1:12	πατρὶ	πατήρ	N-	----DSM-
Col 1:12	τῷ	ὁ	RA	----DSM-
Col 1:12	ἱκανώσαντι	ἱκανόω	V-	-AAPDSM-
Col 1:12	ὑμᾶς	σύ	RP	----AP--
Col 1:12	εἰς	εἰς	P-	--------
Col 1:12	τὴν	ὁ	RA	----ASF-
Col 1:12	μερίδα	μερίς	N-	----ASF-
Col 1:12	τοῦ	ὁ	RA	----GSM-
Col 1:12	κλήρου	κλῆρος	N-	----GSM-
Col 1:12	τῶν	ὁ	RA	----GPM-
Col 1:12	ἁγίων	ἅγιος	A-	----GPM-
Col 1:12	ἐν	ἐν	P-	--------
Col 1:12	τῷ	ὁ	RA	----DSN-
Col 1:12	φωτί	φῶς	N-	----DSN-
Col 1:13	ὃς	ὅς	RR	----NSM-
Col 1:13	ἐρρύσατο	ῥύομαι	V-	3AMI-S--
Col 1:13	ἡμᾶς	ἐγώ	RP	----AP--
Col 1:13	ἐκ	ἐκ	P-	--------
Col 1:13	τῆς	ὁ	RA	----GSF-
Col 1:13	ἐξουσίας	ἐξουσία	N-	----GSF-
Col 1:13	τοῦ	ὁ	RA	----GSN-
Col 1:13	σκότους	σκότος	N-	----GSN-
Col 1:13	καὶ	καί	C-	--------
Col 1:13	μετέστησεν	μεθίστημι	V-	3AAI-S--
Col 1:13	εἰς	εἰς	P-	--------
Col 1:13	τὴν	ὁ	RA	----ASF-
Col 1:13	βασιλείαν	βασιλεία	N-	----ASF-
Col 1:13	τοῦ	ὁ	RA	----GSM-
Col 1:13	υἱοῦ	υἱός	N-	----GSM-
Col 1:13	τῆς	ὁ	RA	----GSF-
Col 1:13	ἀγάπης	ἀγάπη	N-	----GSF-
Col 1:13	αὐτοῦ	αὐτός	RP	----GSM-
Col 1:14	ἐν	ἐν	P-	--------
Col 1:14	ᾧ	ὅς	RR	----DSM-
Col 1:14	ἔχομεν	ἔχω	V-	1PAI-P--
Col 1:14	τὴν	ὁ	RA	----ASF-
Col 1:14	ἀπολύτρωσιν	ἀπολύτρωσις	N-	----ASF-
Col 1:14	τὴν	ὁ	RA	----ASF-
Col 1:14	ἄφεσιν	ἄφεσις	N-	----ASF-
Col 1:14	τῶν	ὁ	RA	----GPF-
Col 1:14	ἁμαρτιῶν	ἁμαρτία	N-	----GPF-
Col 1:15	ὅς	ὅς	RR	----NSM-
Col 1:15	ἐστιν	εἰμί	V-	3PAI-S--
Col 1:15	εἰκὼν	εἰκών	N-	----NSF-
Col 1:15	τοῦ	ὁ	RA	----GSM-
Col 1:15	θεοῦ	θεός	N-	----GSM-
Col 1:15	τοῦ	ὁ	RA	----GSM-
Col 1:15	ἀοράτου	ἀόρατος	A-	----GSM-
Col 1:15	πρωτότοκος	πρωτότοκος	A-	----NSM-
Col 1:15	πάσης	πᾶς	A-	----GSF-
Col 1:15	κτίσεως	κτίσις	N-	----GSF-
Col 1:16	ὅτι	ὅτι	C-	--------
Col 1:16	ἐν	ἐν	P-	--------
Col 1:16	αὐτῷ	αὐτός	RP	----DSM-
Col 1:16	ἐκτίσθη	κτίζω	V-	3API-S--
Col 1:16	τὰ	ὁ	RA	----NPN-
Col 1:16	πάντα	πᾶς	A-	----NPN-
Col 1:16	ἐν	ἐν	P-	--------
Col 1:16	τοῖς	ὁ	RA	----DPM-
Col 1:16	οὐρανοῖς	οὐρανός	N-	----DPM-
Col 1:16	καὶ	καί	C-	--------
Col 1:16	ἐπὶ	ἐπί	P-	--------
Col 1:16	τῆς	ὁ	RA	----GSF-
Col 1:16	γῆς	γῆ	N-	----GSF-
Col 1:16	τὰ	ὁ	RA	----NPN-
Col 1:16	ὁρατὰ	ὁρατός	A-	----NPN-
Col 1:16	καὶ	καί	C-	--------
Col 1:16	τὰ	ὁ	RA	----NPN-
Col 1:16	ἀόρατα	ἀόρατος	A-	----NPN-
Col 1:16	εἴτε	εἴτε	C-	--------
Col 1:16	θρόνοι	θρόνος	N-	----NPM-
Col 1:16	εἴτε	εἴτε	C-	--------
Col 1:16	κυριότητες	κυριότης	N-	----NPF-
Col 1:16	εἴτε	εἴτε	C-	--------
Col 1:16	ἀρχαὶ	ἀρχή	N-	----NPF-
Col 1:16	εἴτε	εἴτε	C-	--------
Col 1:16	ἐξουσίαι	ἐξουσία	N-	----NPF-
Col 1:16	τὰ	ὁ	RA	----NPN-
Col 1:16	πάντα	πᾶς	A-	----NPN-
Col 1:16	δι’	διά	P-	--------
Col 1:16	αὐτοῦ	αὐτός	RP	----GSM-
Col 1:16	καὶ	καί	C-	--------
Col 1:16	εἰς	εἰς	P-	--------
Col 1:16	αὐτὸν	αὐτός	RP	----ASM-
Col 1:16	ἔκτισται	κτίζω	V-	3XPI-S--
Col 1:17	καὶ	καί	C-	--------
Col 1:17	αὐτός	αὐτός	RP	----NSM-
Col 1:17	ἐστιν	εἰμί	V-	3PAI-S--
Col 1:17	πρὸ	πρό	P-	--------
Col 1:17	πάντων	πᾶς	A-	----GPN-
Col 1:17	καὶ	καί	C-	--------
Col 1:17	τὰ	ὁ	RA	----NPN-
Col 1:17	πάντα	πᾶς	A-	----NPN-
Col 1:17	ἐν	ἐν	P-	--------
Col 1:17	αὐτῷ	αὐτός	RP	----DSM-
Col 1:17	συνέστηκεν	συνίστημι	V-	3XAI-S--
Col 1:18	καὶ	καί	C-	--------
Col 1:18	αὐτός	αὐτός	RP	----NSM-
Col 1:18	ἐστιν	εἰμί	V-	3PAI-S--
Col 1:18	ἡ	ὁ	RA	----NSF-
Col 1:18	κεφαλὴ	κεφαλή	N-	----NSF-
Col 1:18	τοῦ	ὁ	RA	----GSN-
Col 1:18	σώματος	σῶμα	N-	----GSN-
Col 1:18	τῆς	ὁ	RA	----GSF-
Col 1:18	ἐκκλησίας	ἐκκλησία	N-	----GSF-
Col 1:18	ὅς	ὅς	RR	----NSM-
Col 1:18	ἐστιν	εἰμί	V-	3PAI-S--
Col 1:18	ἀρχή	ἀρχή	N-	----NSF-
Col 1:18	πρωτότοκος	πρωτότοκος	A-	----NSM-
Col 1:18	ἐκ	ἐκ	P-	--------
Col 1:18	τῶν	ὁ	RA	----GPM-
Col 1:18	νεκρῶν	νεκρός	A-	----GPM-
Col 1:18	ἵνα	ἵνα	C-	--------
Col 1:18	γένηται	γίνομαι	V-	3AMS-S--
Col 1:18	ἐν	ἐν	P-	--------
Col 1:18	πᾶσιν	πᾶς	A-	----DPN-
Col 1:18	αὐτὸς	αὐτός	RP	----NSM-
Col 1:18	πρωτεύων	πρωτεύω	V-	-PAPNSM-
Col 1:19	ὅτι	ὅτι	C-	--------
Col 1:19	ἐν	ἐν	P-	--------
Col 1:19	αὐτῷ	αὐτός	RP	----DSM-
Col 1:19	εὐδόκησεν	εὐδοκέω	V-	3AAI-S--
Col 1:19	πᾶν	πᾶς	A-	----ASN-
Col 1:19	τὸ	ὁ	RA	----ASN-
Col 1:19	πλήρωμα	πλήρωμα	N-	----ASN-
Col 1:19	κατοικῆσαι	κατοικέω	V-	-AAN----
Col 1:20	καὶ	καί	C-	--------
Col 1:20	δι’	διά	P-	--------
Col 1:20	αὐτοῦ	αὐτός	RP	----GSM-
Col 1:20	ἀποκαταλλάξαι	ἀποκαταλλάσσω	V-	-AAN----
Col 1:20	τὰ	ὁ	RA	----APN-
Col 1:20	πάντα	πᾶς	A-	----APN-
Col 1:20	εἰς	εἰς	P-	--------
Col 1:20	αὐτόν	αὐτός	RP	----ASM-
Col 1:20	εἰρηνοποιήσας	εἰρηνοποιέω	V-	-AAPNSM-
Col 1:20	διὰ	διά	P-	--------
Col 1:20	τοῦ	ὁ	RA	----GSN-
Col 1:20	αἵματος	αἷμα	N-	----GSN-
Col 1:20	τοῦ	ὁ	RA	----GSM-
Col 1:20	σταυροῦ	σταυρός	N-	----GSM-
Col 1:20	αὐτοῦ	αὐτός	RP	----GSM-
Col 1:20	δι’	διά	P-	--------
Col 1:20	αὐτοῦ	αὐτός	RP	----GSM-
Col 1:20	εἴτε	εἴτε	C-	--------
Col 1:20	τὰ	ὁ	RA	----APN-
Col 1:20	ἐπὶ	ἐπί	P-	--------
Col 1:20	τῆς	ὁ	RA	----GSF-
Col 1:20	γῆς	γῆ	N-	----GSF-
Col 1:20	εἴτε	εἴτε	C-	--------
Col 1:20	τὰ	ὁ	RA	----APN-
Col 1:20	ἐν	ἐν	P-	--------
Col 1:20	τοῖς	ὁ	RA	----DPM-
Col 1:20	οὐρανοῖς	οὐρανός	N-	----DPM-
Col 1:21	καὶ	καί	C-	--------
Col 1:21	ὑμᾶς	σύ	RP	----AP--
Col 1:21	ποτε	ποτέ	D-	--------
Col 1:21	ὄντας	εἰμί	V-	-PAPAPM-
Col 1:21	ἀπηλλοτριωμένους	ἀπαλλοτριόομαι	V-	-XPPAPM-
Col 1:21	καὶ	καί	C-	--------
Col 1:21	ἐχθροὺς	ἐχθρός	A-	----APM-
Col 1:21	τῇ	ὁ	RA	----DSF-
Col 1:21	διανοίᾳ	διάνοια	N-	----DSF-
Col 1:21	ἐν	ἐν	P-	--------
Col 1:21	τοῖς	ὁ	RA	----DPN-
Col 1:21	ἔργοις	ἔργον	N-	----DPN-
Col 1:21	τοῖς	ὁ	RA	----DPN-
Col 1:21	πονηροῖς	πονηρός	A-	----DPN-
Col 1:22	νυνὶ	νυνί	D-	--------
Col 1:22	δὲ	δέ	C-	--------
Col 1:22	ἀποκατηλλάγητε	ἀποκαταλλάσσω	V-	2API-P--
Col 1:22	ἐν	ἐν	P-	--------
Col 1:22	τῷ	ὁ	RA	----DSN-
Col 1:22	σώματι	σῶμα	N-	----DSN-
Col 1:22	τῆς	ὁ	RA	----GSF-
Col 1:22	σαρκὸς	σάρξ	N-	----GSF-
Col 1:22	αὐτοῦ	αὐτός	RP	----GSM-
Col 1:22	διὰ	διά	P-	--------
Col 1:22	τοῦ	ὁ	RA	----GSM-
Col 1:22	θανάτου	θάνατος	N-	----GSM-
Col 1:22	παραστῆσαι	παρίστημι	V-	-AAN----
Col 1:22	ὑμᾶς	σύ	RP	----AP--
Col 1:22	ἁγίους	ἅγιος	A-	----APM-
Col 1:22	καὶ	καί	C-	--------
Col 1:22	ἀμώμους	ἄμωμος	A-	----APM-
Col 1:22	καὶ	καί	C-	--------
Col 1:22	ἀνεγκλήτους	ἀνέγκλητος	A-	----APM-
Col 1:22	κατενώπιον	κατενώπιον	P-	--------
Col 1:22	αὐτοῦ	αὐτός	RP	----GSM-
Col 1:23	εἴ	εἰ	C-	--------
Col 1:23	γε	γέ	X-	--------
Col 1:23	ἐπιμένετε	ἐπιμένω	V-	2PAI-P--
Col 1:23	τῇ	ὁ	RA	----DSF-
Col 1:23	πίστει	πίστις	N-	----DSF-
Col 1:23	τεθεμελιωμένοι	θεμελιόω	V-	-XPPNPM-
Col 1:23	καὶ	καί	C-	--------
Col 1:23	ἑδραῖοι	ἑδραῖος	A-	----NPM-
Col 1:23	καὶ	καί	C-	--------
Col 1:23	μὴ	μή	D-	--------
Col 1:23	μετακινούμενοι	μετακινέω	V-	-PPPNPM-
Col 1:23	ἀπὸ	ἀπό	P-	--------
Col 1:23	τῆς	ὁ	RA	----GSF-
Col 1:23	ἐλπίδος	ἐλπίς	N-	----GSF-
Col 1:23	τοῦ	ὁ	RA	----GSN-
Col 1:23	εὐαγγελίου	εὐαγγέλιον	N-	----GSN-
Col 1:23	οὗ	ὅς	RR	----GSN-
Col 1:23	ἠκούσατε	ἀκούω	V-	2AAI-P--
Col 1:23	τοῦ	ὁ	RA	----GSN-
Col 1:23	κηρυχθέντος	κηρύσσω	V-	-APPGSN-
Col 1:23	ἐν	ἐν	P-	--------
Col 1:23	πάσῃ	πᾶς	A-	----DSF-
Col 1:23	κτίσει	κτίσις	N-	----DSF-
Col 1:23	τῇ	ὁ	RA	----DSF-
Col 1:23	ὑπὸ	ὑπό	P-	--------
Col 1:23	τὸν	ὁ	RA	----ASM-
Col 1:23	οὐρανόν	οὐρανός	N-	----ASM-
Col 1:23	οὗ	ὅς	RR	----GSN-
Col 1:23	ἐγενόμην	γίνομαι	V-	1AMI-S--
Col 1:23	ἐγὼ	ἐγώ	RP	----NS--
Col 1:23	Παῦλος	Παῦλος	N-	----NSM-
Col 1:23	διάκονος	διάκονος	N-	----NSM-
Col 1:24	Νῦν	νῦν	D-	--------
Col 1:24	χαίρω	χαίρω	V-	1PAI-S--
Col 1:24	ἐν	ἐν	P-	--------
Col 1:24	τοῖς	ὁ	RA	----DPN-
Col 1:24	παθήμασιν	πάθημα	N-	----DPN-
Col 1:24	ὑπὲρ	ὑπέρ	P-	--------
Col 1:24	ὑμῶν	σύ	RP	----GP--
Col 1:24	καὶ	καί	C-	--------
Col 1:24	ἀνταναπληρῶ	ἀνταναπληρόω	V-	1PAI-S--
Col 1:24	τὰ	ὁ	RA	----APN-
Col 1:24	ὑστερήματα	ὑστέρημα	N-	----APN-
Col 1:24	τῶν	ὁ	RA	----GPF-
Col 1:24	θλίψεων	θλῖψις	N-	----GPF-
Col 1:24	τοῦ	ὁ	RA	----GSM-
Col 1:24	Χριστοῦ	Χριστός	N-	----GSM-
Col 1:24	ἐν	ἐν	P-	--------
Col 1:24	τῇ	ὁ	RA	----DSF-
Col 1:24	σαρκί	σάρξ	N-	----DSF-
Col 1:24	μου	ἐγώ	RP	----GS--
Col 1:24	ὑπὲρ	ὑπέρ	P-	--------
Col 1:24	τοῦ	ὁ	RA	----GSN-
Col 1:24	σώματος	σῶμα	N-	----GSN-
Col 1:24	αὐτοῦ	αὐτός	RP	----GSM-
Col 1:24	ὅ	ὅς	RR	----NSN-
Col 1:24	ἐστιν	εἰμί	V-	3PAI-S--
Col 1:24	ἡ	ὁ	RA	----NSF-
Col 1:24	ἐκκλησία	ἐκκλησία	N-	----NSF-
Col 1:25	ἧς	ὅς	RR	----GSF-
Col 1:25	ἐγενόμην	γίνομαι	V-	1AMI-S--
Col 1:25	ἐγὼ	ἐγώ	RP	----NS--
Col 1:25	διάκονος	διάκονος	N-	----NSM-
Col 1:25	κατὰ	κατά	P-	--------
Col 1:25	τὴν	ὁ	RA	----ASF-
Col 1:25	οἰκονομίαν	οἰκονομία	N-	----ASF-
Col 1:25	τοῦ	ὁ	RA	----GSM-
Col 1:25	θεοῦ	θεός	N-	----GSM-
Col 1:25	τὴν	ὁ	RA	----ASF-
Col 1:25	δοθεῖσάν	δίδωμι	V-	-APPASF-
Col 1:25	μοι	ἐγώ	RP	----DS--
Col 1:25	εἰς	εἰς	P-	--------
Col 1:25	ὑμᾶς	σύ	RP	----AP--
Col 1:25	πληρῶσαι	πληρόω	V-	-AAN----
Col 1:25	τὸν	ὁ	RA	----ASM-
Col 1:25	λόγον	λόγος	N-	----ASM-
Col 1:25	τοῦ	ὁ	RA	----GSM-
Col 1:25	θεοῦ	θεός	N-	----GSM-
Col 1:26	τὸ	ὁ	RA	----ASN-
Col 1:26	μυστήριον	μυστήριον	N-	----ASN-
Col 1:26	τὸ	ὁ	RA	----ASN-
Col 1:26	ἀποκεκρυμμένον	ἀποκρύπτω	V-	-XPPASN-
Col 1:26	ἀπὸ	ἀπό	P-	--------
Col 1:26	τῶν	ὁ	RA	----GPM-
Col 1:26	αἰώνων	αἰών	N-	----GPM-
Col 1:26	καὶ	καί	C-	--------
Col 1:26	ἀπὸ	ἀπό	P-	--------
Col 1:26	τῶν	ὁ	RA	----GPF-
Col 1:26	γενεῶν	γενεά	N-	----GPF-
Col 1:26	νῦν	νῦν	D-	--------
Col 1:26	δὲ	δέ	C-	--------
Col 1:26	ἐφανερώθη	φανερόω	V-	3API-S--
Col 1:26	τοῖς	ὁ	RA	----DPM-
Col 1:26	ἁγίοις	ἅγιος	A-	----DPM-
Col 1:26	αὐτοῦ	αὐτός	RP	----GSM-
Col 1:27	οἷς	ὅς	RR	----DPM-
Col 1:27	ἠθέλησεν	θέλω	V-	3AAI-S--
Col 1:27	ὁ	ὁ	RA	----NSM-
Col 1:27	θεὸς	θεός	N-	----NSM-
Col 1:27	γνωρίσαι	γνωρίζω	V-	-AAN----
Col 1:27	τί	τίς	RI	----NSN-
Col 1:27	τὸ	ὁ	RA	----NSN-
Col 1:27	πλοῦτος	πλοῦτος	N-	----NSN-
Col 1:27	τῆς	ὁ	RA	----GSF-
Col 1:27	δόξης	δόξα	N-	----GSF-
Col 1:27	τοῦ	ὁ	RA	----GSN-
Col 1:27	μυστηρίου	μυστήριον	N-	----GSN-
Col 1:27	τούτου	οὗτος	RD	----GSN-
Col 1:27	ἐν	ἐν	P-	--------
Col 1:27	τοῖς	ὁ	RA	----DPN-
Col 1:27	ἔθνεσιν	ἔθνος	N-	----DPN-
Col 1:27	ὅ	ὅς	RR	----NSN-
Col 1:27	ἐστιν	εἰμί	V-	3PAI-S--
Col 1:27	Χριστὸς	Χριστός	N-	----NSM-
Col 1:27	ἐν	ἐν	P-	--------
Col 1:27	ὑμῖν	σύ	RP	----DP--
Col 1:27	ἡ	ὁ	RA	----NSF-
Col 1:27	ἐλπὶς	ἐλπίς	N-	----NSF-
Col 1:27	τῆς	ὁ	RA	----GSF-
Col 1:27	δόξης	δόξα	N-	----GSF-
Col 1:28	ὃν	ὅς	RR	----ASM-
Col 1:28	ἡμεῖς	ἐγώ	RP	----NP--
Col 1:28	καταγγέλλομεν	καταγγέλλω	V-	1PAI-P--
Col 1:28	νουθετοῦντες	νουθετέω	V-	-PAPNPM-
Col 1:28	πάντα	πᾶς	A-	----ASM-
Col 1:28	ἄνθρωπον	ἄνθρωπος	N-	----ASM-
Col 1:28	καὶ	καί	C-	--------
Col 1:28	διδάσκοντες	διδάσκω	V-	-PAPNPM-
Col 1:28	πάντα	πᾶς	A-	----ASM-
Col 1:28	ἄνθρωπον	ἄνθρωπος	N-	----ASM-
Col 1:28	ἐν	ἐν	P-	--------
Col 1:28	πάσῃ	πᾶς	A-	----DSF-
Col 1:28	σοφίᾳ	σοφία	N-	----DSF-
Col 1:28	ἵνα	ἵνα	C-	--------
Col 1:28	παραστήσωμεν	παρίστημι	V-	1AAS-P--
Col 1:28	πάντα	πᾶς	A-	----ASM-
Col 1:28	ἄνθρωπον	ἄνθρωπος	N-	----ASM-
Col 1:28	τέλειον	τέλειος	A-	----ASM-
Col 1:28	ἐν	ἐν	P-	--------
Col 1:28	Χριστῷ	Χριστός	N-	----DSM-
Col 1:29	εἰς	εἰς	P-	--------
Col 1:29	ὃ	ὅς	RR	----ASN-
Col 1:29	καὶ	καί	D-	--------
Col 1:29	κοπιῶ	κοπιάω	V-	1PAI-S--
Col 1:29	ἀγωνιζόμενος	ἀγωνίζομαι	V-	-PMPNSM-
Col 1:29	κατὰ	κατά	P-	--------
Col 1:29	τὴν	ὁ	RA	----ASF-
Col 1:29	ἐνέργειαν	ἐνέργεια	N-	----ASF-
Col 1:29	αὐτοῦ	αὐτός	RP	----GSM-
Col 1:29	τὴν	ὁ	RA	----ASF-
Col 1:29	ἐνεργουμένην	ἐνεργέω	V-	-PMPASF-
Col 1:29	ἐν	ἐν	P-	--------
Col 1:29	ἐμοὶ	ἐγώ	RP	----DS--
Col 1:29	ἐν	ἐν	P-	--------
Col 1:29	δυνάμει	δύναμις	N-	----DSF-
Col 2:1	Θέλω	θέλω	V-	1PAI-S--
Col 2:1	γὰρ	γάρ	C-	--------
Col 2:1	ὑμᾶς	σύ	RP	----AP--
Col 2:1	εἰδέναι	οἶδα	V-	-XAN----
Col 2:1	ἡλίκον	ἡλίκος	RI	----ASM-
Col 2:1	ἀγῶνα	ἀγών	N-	----ASM-
Col 2:1	ἔχω	ἔχω	V-	1PAI-S--
Col 2:1	ὑπὲρ	ὑπέρ	P-	--------
Col 2:1	ὑμῶν	σύ	RP	----GP--
Col 2:1	καὶ	καί	C-	--------
Col 2:1	τῶν	ὁ	RA	----GPM-
Col 2:1	ἐν	ἐν	P-	--------
Col 2:1	Λαοδικείᾳ	Λαοδίκεια	N-	----DSF-
Col 2:1	καὶ	καί	C-	--------
Col 2:1	ὅσοι	ὅσος	RR	----NPM-
Col 2:1	οὐχ	οὐ	D-	--------
Col 2:1	ἑόρακαν	ὁράω	V-	3XAI-P--
Col 2:1	τὸ	ὁ	RA	----ASN-
Col 2:1	πρόσωπόν	πρόσωπον	N-	----ASN-
Col 2:1	μου	ἐγώ	RP	----GS--
Col 2:1	ἐν	ἐν	P-	--------
Col 2:1	σαρκί	σάρξ	N-	----DSF-
Col 2:2	ἵνα	ἵνα	C-	--------
Col 2:2	παρακληθῶσιν	παρακαλέω	V-	3APS-P--
Col 2:2	αἱ	ὁ	RA	----NPF-
Col 2:2	καρδίαι	καρδία	N-	----NPF-
Col 2:2	αὐτῶν	αὐτός	RP	----GPM-
Col 2:2	συμβιβασθέντες	συμβιβάζω	V-	-APPNPM-
Col 2:2	ἐν	ἐν	P-	--------
Col 2:2	ἀγάπῃ	ἀγάπη	N-	----DSF-
Col 2:2	καὶ	καί	C-	--------
Col 2:2	εἰς	εἰς	P-	--------
Col 2:2	πᾶν	πᾶς	A-	----ASN-
Col 2:2	πλοῦτος	πλοῦτος	N-	----ASN-
Col 2:2	τῆς	ὁ	RA	----GSF-
Col 2:2	πληροφορίας	πληροφορία	N-	----GSF-
Col 2:2	τῆς	ὁ	RA	----GSF-
Col 2:2	συνέσεως	σύνεσις	N-	----GSF-
Col 2:2	εἰς	εἰς	P-	--------
Col 2:2	ἐπίγνωσιν	ἐπίγνωσις	N-	----ASF-
Col 2:2	τοῦ	ὁ	RA	----GSN-
Col 2:2	μυστηρίου	μυστήριον	N-	----GSN-
Col 2:2	τοῦ	ὁ	RA	----GSM-
Col 2:2	θεοῦ	θεός	N-	----GSM-
Col 2:2	Χριστοῦ	Χριστός	N-	----GSM-
Col 2:3	ἐν	ἐν	P-	--------
Col 2:3	ᾧ	ὅς	RR	----DSM-
Col 2:3	εἰσιν	εἰμί	V-	3PAI-P--
Col 2:3	πάντες	πᾶς	A-	----NPM-
Col 2:3	οἱ	ὁ	RA	----NPM-
Col 2:3	θησαυροὶ	θησαυρός	N-	----NPM-
Col 2:3	τῆς	ὁ	RA	----GSF-
Col 2:3	σοφίας	σοφία	N-	----GSF-
Col 2:3	καὶ	καί	C-	--------
Col 2:3	γνώσεως	γνῶσις	N-	----GSF-
Col 2:3	ἀπόκρυφοι	ἀπόκρυφος	A-	----NPM-
Col 2:4	τοῦτο	οὗτος	RD	----ASN-
Col 2:4	λέγω	λέγω	V-	1PAI-S--
Col 2:4	ἵνα	ἵνα	C-	--------
Col 2:4	μηδεὶς	μηδείς	A-	----NSM-
Col 2:4	ὑμᾶς	σύ	RP	----AP--
Col 2:4	παραλογίζηται	παραλογίζομαι	V-	3PMS-S--
Col 2:4	ἐν	ἐν	P-	--------
Col 2:4	πιθανολογίᾳ	πιθανολογία	N-	----DSF-
Col 2:5	εἰ	εἰ	C-	--------
Col 2:5	γὰρ	γάρ	C-	--------
Col 2:5	καὶ	καί	D-	--------
Col 2:5	τῇ	ὁ	RA	----DSF-
Col 2:5	σαρκὶ	σάρξ	N-	----DSF-
Col 2:5	ἄπειμι	ἄπειμι	V-	1PAI-S--
Col 2:5	ἀλλὰ	ἀλλά	C-	--------
Col 2:5	τῷ	ὁ	RA	----DSN-
Col 2:5	πνεύματι	πνεῦμα	N-	----DSN-
Col 2:5	σὺν	σύν	P-	--------
Col 2:5	ὑμῖν	σύ	RP	----DP--
Col 2:5	εἰμι	εἰμί	V-	1PAI-S--
Col 2:5	χαίρων	χαίρω	V-	-PAPNSM-
Col 2:5	καὶ	καί	C-	--------
Col 2:5	βλέπων	βλέπω	V-	-PAPNSM-
Col 2:5	ὑμῶν	σύ	RP	----GP--
Col 2:5	τὴν	ὁ	RA	----ASF-
Col 2:5	τάξιν	τάξις	N-	----ASF-
Col 2:5	καὶ	καί	C-	--------
Col 2:5	τὸ	ὁ	RA	----ASN-
Col 2:5	στερέωμα	στερέωμα	N-	----ASN-
Col 2:5	τῆς	ὁ	RA	----GSF-
Col 2:5	εἰς	εἰς	P-	--------
Col 2:5	Χριστὸν	Χριστός	N-	----ASM-
Col 2:5	πίστεως	πίστις	N-	----GSF-
Col 2:5	ὑμῶν	σύ	RP	----GP--
Col 2:6	Ὡς	ὡς	C-	--------
Col 2:6	οὖν	οὖν	C-	--------
Col 2:6	παρελάβετε	παραλαμβάνω	V-	2AAI-P--
Col 2:6	τὸν	ὁ	RA	----ASM-
Col 2:6	Χριστὸν	Χριστός	N-	----ASM-
Col 2:6	Ἰησοῦν	Ἰησοῦς	N-	----ASM-
Col 2:6	τὸν	ὁ	RA	----ASM-
Col 2:6	κύριον	κύριος	N-	----ASM-
Col 2:6	ἐν	ἐν	P-	--------
Col 2:6	αὐτῷ	αὐτός	RP	----DSM-
Col 2:6	περιπατεῖτε	περιπατέω	V-	2PAD-P--
Col 2:7	ἐρριζωμένοι	ῥιζόομαι	V-	-XPPNPM-
Col 2:7	καὶ	καί	C-	--------
Col 2:7	ἐποικοδομούμενοι	ἐποικοδομέω	V-	-PPPNPM-
Col 2:7	ἐν	ἐν	P-	--------
Col 2:7	αὐτῷ	αὐτός	RP	----DSM-
Col 2:7	καὶ	καί	C-	--------
Col 2:7	βεβαιούμενοι	βεβαιόω	V-	-PPPNPM-
Col 2:7	τῇ	ὁ	RA	----DSF-
Col 2:7	πίστει	πίστις	N-	----DSF-
Col 2:7	καθὼς	καθώς	C-	--------
Col 2:7	ἐδιδάχθητε	διδάσκω	V-	2API-P--
Col 2:7	περισσεύοντες	περισσεύω	V-	-PAPNPM-
Col 2:7	ἐν	ἐν	P-	--------
Col 2:7	εὐχαριστίᾳ	εὐχαριστία	N-	----DSF-
Col 2:8	Βλέπετε	βλέπω	V-	2PAD-P--
Col 2:8	μή	μή	C-	--------
Col 2:8	τις	τις	RI	----NSM-
Col 2:8	ὑμᾶς	σύ	RP	----AP--
Col 2:8	ἔσται	εἰμί	V-	3FMI-S--
Col 2:8	ὁ	ὁ	RA	----NSM-
Col 2:8	συλαγωγῶν	συλαγωγέω	V-	-PAPNSM-
Col 2:8	διὰ	διά	P-	--------
Col 2:8	τῆς	ὁ	RA	----GSF-
Col 2:8	φιλοσοφίας	φιλοσοφία	N-	----GSF-
Col 2:8	καὶ	καί	C-	--------
Col 2:8	κενῆς	κενός	A-	----GSF-
Col 2:8	ἀπάτης	ἀπάτη	N-	----GSF-
Col 2:8	κατὰ	κατά	P-	--------
Col 2:8	τὴν	ὁ	RA	----ASF-
Col 2:8	παράδοσιν	παράδοσις	N-	----ASF-
Col 2:8	τῶν	ὁ	RA	----GPM-
Col 2:8	ἀνθρώπων	ἄνθρωπος	N-	----GPM-
Col 2:8	κατὰ	κατά	P-	--------
Col 2:8	τὰ	ὁ	RA	----APN-
Col 2:8	στοιχεῖα	στοιχεῖον	N-	----APN-
Col 2:8	τοῦ	ὁ	RA	----GSM-
Col 2:8	κόσμου	κόσμος	N-	----GSM-
Col 2:8	καὶ	καί	C-	--------
Col 2:8	οὐ	οὐ	D-	--------
Col 2:8	κατὰ	κατά	P-	--------
Col 2:8	Χριστόν	Χριστός	N-	----ASM-
Col 2:9	ὅτι	ὅτι	C-	--------
Col 2:9	ἐν	ἐν	P-	--------
Col 2:9	αὐτῷ	αὐτός	RP	----DSM-
Col 2:9	κατοικεῖ	κατοικέω	V-	3PAI-S--
Col 2:9	πᾶν	πᾶς	A-	----NSN-
Col 2:9	τὸ	ὁ	RA	----NSN-
Col 2:9	πλήρωμα	πλήρωμα	N-	----NSN-
Col 2:9	τῆς	ὁ	RA	----GSF-
Col 2:9	θεότητος	θεότης	N-	----GSF-
Col 2:9	σωματικῶς	σωματικῶς	D-	--------
Col 2:10	καὶ	καί	C-	--------
Col 2:10	ἐστὲ	εἰμί	V-	2PAI-P--
Col 2:10	ἐν	ἐν	P-	--------
Col 2:10	αὐτῷ	αὐτός	RP	----DSM-
Col 2:10	πεπληρωμένοι	πληρόω	V-	-XPPNPM-
Col 2:10	ὅς	ὅς	RR	----NSM-
Col 2:10	ἐστιν	εἰμί	V-	3PAI-S--
Col 2:10	ἡ	ὁ	RA	----NSF-
Col 2:10	κεφαλὴ	κεφαλή	N-	----NSF-
Col 2:10	πάσης	πᾶς	A-	----GSF-
Col 2:10	ἀρχῆς	ἀρχή	N-	----GSF-
Col 2:10	καὶ	καί	C-	--------
Col 2:10	ἐξουσίας	ἐξουσία	N-	----GSF-
Col 2:11	ἐν	ἐν	P-	--------
Col 2:11	ᾧ	ὅς	RR	----DSM-
Col 2:11	καὶ	καί	D-	--------
Col 2:11	περιετμήθητε	περιτέμνω	V-	2API-P--
Col 2:11	περιτομῇ	περιτομή	N-	----DSF-
Col 2:11	ἀχειροποιήτῳ	ἀχειροποίητος	A-	----DSF-
Col 2:11	ἐν	ἐν	P-	--------
Col 2:11	τῇ	ὁ	RA	----DSF-
Col 2:11	ἀπεκδύσει	ἀπέκδυσις	N-	----DSF-
Col 2:11	τοῦ	ὁ	RA	----GSN-
Col 2:11	σώματος	σῶμα	N-	----GSN-
Col 2:11	τῆς	ὁ	RA	----GSF-
Col 2:11	σαρκός	σάρξ	N-	----GSF-
Col 2:11	ἐν	ἐν	P-	--------
Col 2:11	τῇ	ὁ	RA	----DSF-
Col 2:11	περιτομῇ	περιτομή	N-	----DSF-
Col 2:11	τοῦ	ὁ	RA	----GSM-
Col 2:11	Χριστοῦ	Χριστός	N-	----GSM-
Col 2:12	συνταφέντες	συνθάπτομαι	V-	-APPNPM-
Col 2:12	αὐτῷ	αὐτός	RP	----DSM-
Col 2:12	ἐν	ἐν	P-	--------
Col 2:12	τῷ	ὁ	RA	----DSM-
Col 2:12	βαπτισμῷ	βαπτισμός	N-	----DSM-
Col 2:12	ἐν	ἐν	P-	--------
Col 2:12	ᾧ	ὅς	RR	----DSM-
Col 2:12	καὶ	καί	D-	--------
Col 2:12	συνηγέρθητε	συνεγείρω	V-	2API-P--
Col 2:12	διὰ	διά	P-	--------
Col 2:12	τῆς	ὁ	RA	----GSF-
Col 2:12	πίστεως	πίστις	N-	----GSF-
Col 2:12	τῆς	ὁ	RA	----GSF-
Col 2:12	ἐνεργείας	ἐνέργεια	N-	----GSF-
Col 2:12	τοῦ	ὁ	RA	----GSM-
Col 2:12	θεοῦ	θεός	N-	----GSM-
Col 2:12	τοῦ	ὁ	RA	----GSM-
Col 2:12	ἐγείραντος	ἐγείρω	V-	-AAPGSM-
Col 2:12	αὐτὸν	αὐτός	RP	----ASM-
Col 2:12	ἐκ	ἐκ	P-	--------
Col 2:12	νεκρῶν	νεκρός	A-	----GPM-
Col 2:13	καὶ	καί	C-	--------
Col 2:13	ὑμᾶς	σύ	RP	----AP--
Col 2:13	νεκροὺς	νεκρός	A-	----APM-
Col 2:13	ὄντας	εἰμί	V-	-PAPAPM-
Col 2:13	ἐν	ἐν	P-	--------
Col 2:13	τοῖς	ὁ	RA	----DPN-
Col 2:13	παραπτώμασιν	παράπτωμα	N-	----DPN-
Col 2:13	καὶ	καί	C-	--------
Col 2:13	τῇ	ὁ	RA	----DSF-
Col 2:13	ἀκροβυστίᾳ	ἀκροβυστία	N-	----DSF-
Col 2:13	τῆς	ὁ	RA	----GSF-
Col 2:13	σαρκὸς	σάρξ	N-	----GSF-
Col 2:13	ὑμῶν	σύ	RP	----GP--
Col 2:13	συνεζωοποίησεν	συζωοποιέω	V-	3AAI-S--
Col 2:13	ὑμᾶς	σύ	RP	----AP--
Col 2:13	σὺν	σύν	P-	--------
Col 2:13	αὐτῷ	αὐτός	RP	----DSM-
Col 2:13	χαρισάμενος	χαρίζομαι	V-	-AMPNSM-
Col 2:13	ἡμῖν	ἐγώ	RP	----DP--
Col 2:13	πάντα	πᾶς	A-	----APN-
Col 2:13	τὰ	ὁ	RA	----APN-
Col 2:13	παραπτώματα	παράπτωμα	N-	----APN-
Col 2:14	ἐξαλείψας	ἐξαλείφω	V-	-AAPNSM-
Col 2:14	τὸ	ὁ	RA	----ASN-
Col 2:14	καθ’	κατά	P-	--------
Col 2:14	ἡμῶν	ἐγώ	RP	----GP--
Col 2:14	χειρόγραφον	χειρόγραφον	N-	----ASN-
Col 2:14	τοῖς	ὁ	RA	----DPN-
Col 2:14	δόγμασιν	δόγμα	N-	----DPN-
Col 2:14	ὃ	ὅς	RR	----NSN-
Col 2:14	ἦν	εἰμί	V-	3IAI-S--
Col 2:14	ὑπεναντίον	ὑπεναντίος	A-	----NSN-
Col 2:14	ἡμῖν	ἐγώ	RP	----DP--
Col 2:14	καὶ	καί	C-	--------
Col 2:14	αὐτὸ	αὐτός	RP	----ASN-
Col 2:14	ἦρκεν	αἴρω	V-	3XAI-S--
Col 2:14	ἐκ	ἐκ	P-	--------
Col 2:14	τοῦ	ὁ	RA	----GSN-
Col 2:14	μέσου	μέσος	A-	----GSN-
Col 2:14	προσηλώσας	προσηλόω	V-	-AAPNSM-
Col 2:14	αὐτὸ	αὐτός	RP	----ASN-
Col 2:14	τῷ	ὁ	RA	----DSM-
Col 2:14	σταυρῷ	σταυρός	N-	----DSM-
Col 2:15	ἀπεκδυσάμενος	ἀπεκδύομαι	V-	-AMPNSM-
Col 2:15	τὰς	ὁ	RA	----APF-
Col 2:15	ἀρχὰς	ἀρχή	N-	----APF-
Col 2:15	καὶ	καί	C-	--------
Col 2:15	τὰς	ὁ	RA	----APF-
Col 2:15	ἐξουσίας	ἐξουσία	N-	----APF-
Col 2:15	ἐδειγμάτισεν	δειγματίζω	V-	3AAI-S--
Col 2:15	ἐν	ἐν	P-	--------
Col 2:15	παρρησίᾳ	παρρησία	N-	----DSF-
Col 2:15	θριαμβεύσας	θριαμβεύω	V-	-AAPNSM-
Col 2:15	αὐτοὺς	αὐτός	RP	----APM-
Col 2:15	ἐν	ἐν	P-	--------
Col 2:15	αὐτῷ	αὐτός	RP	----DSM-
Col 2:16	Μὴ	μή	D-	--------
Col 2:16	οὖν	οὖν	C-	--------
Col 2:16	τις	τις	RI	----NSM-
Col 2:16	ὑμᾶς	σύ	RP	----AP--
Col 2:16	κρινέτω	κρίνω	V-	3PAD-S--
Col 2:16	ἐν	ἐν	P-	--------
Col 2:16	βρώσει	βρῶσις	N-	----DSF-
Col 2:16	ἢ	ἤ	C-	--------
Col 2:16	ἐν	ἐν	P-	--------
Col 2:16	πόσει	πόσις	N-	----DSF-
Col 2:16	ἢ	ἤ	C-	--------
Col 2:16	ἐν	ἐν	P-	--------
Col 2:16	μέρει	μέρος	N-	----DSN-
Col 2:16	ἑορτῆς	ἑορτή	N-	----GSF-
Col 2:16	ἢ	ἤ	C-	--------
Col 2:16	νουμηνίας	νουμηνία	N-	----GSF-
Col 2:16	ἢ	ἤ	C-	--------
Col 2:16	σαββάτων	σάββατον	N-	----GPN-
Col 2:17	ἅ	ὅς	RR	----NPN-
Col 2:17	ἐστιν	εἰμί	V-	3PAI-S--
Col 2:17	σκιὰ	σκιά	N-	----NSF-
Col 2:17	τῶν	ὁ	RA	----GPN-
Col 2:17	μελλόντων	μέλλω	V-	-PAPGPN-
Col 2:17	τὸ	ὁ	RA	----NSN-
Col 2:17	δὲ	δέ	C-	--------
Col 2:17	σῶμα	σῶμα	N-	----NSN-
Col 2:17	τοῦ	ὁ	RA	----GSM-
Col 2:17	Χριστοῦ	Χριστός	N-	----GSM-
Col 2:18	μηδεὶς	μηδείς	A-	----NSM-
Col 2:18	ὑμᾶς	σύ	RP	----AP--
Col 2:18	καταβραβευέτω	καταβραβεύω	V-	3PAD-S--
Col 2:18	θέλων	θέλω	V-	-PAPNSM-
Col 2:18	ἐν	ἐν	P-	--------
Col 2:18	ταπεινοφροσύνῃ	ταπεινοφροσύνη	N-	----DSF-
Col 2:18	καὶ	καί	C-	--------
Col 2:18	θρησκείᾳ	θρησκεία	N-	----DSF-
Col 2:18	τῶν	ὁ	RA	----GPM-
Col 2:18	ἀγγέλων	ἄγγελος	N-	----GPM-
Col 2:18	ἃ	ὅς	RR	----APN-
Col 2:18	ἑόρακεν	ὁράω	V-	3XAI-S--
Col 2:18	ἐμβατεύων	ἐμβατεύω	V-	-PAPNSM-
Col 2:18	εἰκῇ	εἰκῇ	D-	--------
Col 2:18	φυσιούμενος	φυσιόω	V-	-PPPNSM-
Col 2:18	ὑπὸ	ὑπό	P-	--------
Col 2:18	τοῦ	ὁ	RA	----GSM-
Col 2:18	νοὸς	νοῦς	N-	----GSM-
Col 2:18	τῆς	ὁ	RA	----GSF-
Col 2:18	σαρκὸς	σάρξ	N-	----GSF-
Col 2:18	αὐτοῦ	αὐτός	RP	----GSM-
Col 2:19	καὶ	καί	C-	--------
Col 2:19	οὐ	οὐ	D-	--------
Col 2:19	κρατῶν	κρατέω	V-	-PAPNSM-
Col 2:19	τὴν	ὁ	RA	----ASF-
Col 2:19	κεφαλήν	κεφαλή	N-	----ASF-
Col 2:19	ἐξ	ἐκ	P-	--------
Col 2:19	οὗ	ὅς	RR	----GSM-
Col 2:19	πᾶν	πᾶς	A-	----NSN-
Col 2:19	τὸ	ὁ	RA	----NSN-
Col 2:19	σῶμα	σῶμα	N-	----NSN-
Col 2:19	διὰ	διά	P-	--------
Col 2:19	τῶν	ὁ	RA	----GPF-
Col 2:19	ἁφῶν	ἁφή	N-	----GPF-
Col 2:19	καὶ	καί	C-	--------
Col 2:19	συνδέσμων	σύνδεσμος	N-	----GPM-
Col 2:19	ἐπιχορηγούμενον	ἐπιχορηγέω	V-	-PPPNSN-
Col 2:19	καὶ	καί	C-	--------
Col 2:19	συμβιβαζόμενον	συμβιβάζω	V-	-PPPNSN-
Col 2:19	αὔξει	αὔξω	V-	3PAI-S--
Col 2:19	τὴν	ὁ	RA	----ASF-
Col 2:19	αὔξησιν	αὔξησις	N-	----ASF-
Col 2:19	τοῦ	ὁ	RA	----GSM-
Col 2:19	θεοῦ	θεός	N-	----GSM-
Col 2:20	Εἰ	εἰ	C-	--------
Col 2:20	ἀπεθάνετε	ἀποθνῄσκω	V-	2AAI-P--
Col 2:20	σὺν	σύν	P-	--------
Col 2:20	Χριστῷ	Χριστός	N-	----DSM-
Col 2:20	ἀπὸ	ἀπό	P-	--------
Col 2:20	τῶν	ὁ	RA	----GPN-
Col 2:20	στοιχείων	στοιχεῖον	N-	----GPN-
Col 2:20	τοῦ	ὁ	RA	----GSM-
Col 2:20	κόσμου	κόσμος	N-	----GSM-
Col 2:20	τί	τίς	RI	----ASN-
Col 2:20	ὡς	ὡς	C-	--------
Col 2:20	ζῶντες	ζάω	V-	-PAPNPM-
Col 2:20	ἐν	ἐν	P-	--------
Col 2:20	κόσμῳ	κόσμος	N-	----DSM-
Col 2:20	δογματίζεσθε	δογματίζομαι	V-	2PPI-P--
Col 2:21	Μὴ	μή	D-	--------
Col 2:21	ἅψῃ	ἅπτω	V-	2AMS-S--
Col 2:21	μηδὲ	μηδέ	C-	--------
Col 2:21	γεύσῃ	γεύομαι	V-	2AMS-S--
Col 2:21	μηδὲ	μηδέ	C-	--------
Col 2:21	θίγῃς	θιγγάνω	V-	2AAS-S--
Col 2:22	ἅ	ὅς	RR	----NPN-
Col 2:22	ἐστιν	εἰμί	V-	3PAI-S--
Col 2:22	πάντα	πᾶς	A-	----NPN-
Col 2:22	εἰς	εἰς	P-	--------
Col 2:22	φθορὰν	φθορά	N-	----ASF-
Col 2:22	τῇ	ὁ	RA	----DSF-
Col 2:22	ἀποχρήσει	ἀπόχρησις	N-	----DSF-
Col 2:22	κατὰ	κατά	P-	--------
Col 2:22	τὰ	ὁ	RA	----APN-
Col 2:22	ἐντάλματα	ἔνταλμα	N-	----APN-
Col 2:22	καὶ	καί	C-	--------
Col 2:22	διδασκαλίας	διδασκαλία	N-	----APF-
Col 2:22	τῶν	ὁ	RA	----GPM-
Col 2:22	ἀνθρώπων	ἄνθρωπος	N-	----GPM-
Col 2:23	ἅτινά	ὅστις	RR	----NPN-
Col 2:23	ἐστιν	εἰμί	V-	3PAI-S--
Col 2:23	λόγον	λόγος	N-	----ASM-
Col 2:23	μὲν	μέν	X-	--------
Col 2:23	ἔχοντα	ἔχω	V-	-PAPNPN-
Col 2:23	σοφίας	σοφία	N-	----GSF-
Col 2:23	ἐν	ἐν	P-	--------
Col 2:23	ἐθελοθρησκίᾳ	ἐθελοθρησκία	N-	----DSF-
Col 2:23	καὶ	καί	C-	--------
Col 2:23	ταπεινοφροσύνῃ	ταπεινοφροσύνη	N-	----DSF-
Col 2:23	καὶ	καί	C-	--------
Col 2:23	ἀφειδίᾳ	ἀφειδία	N-	----DSF-
Col 2:23	σώματος	σῶμα	N-	----GSN-
Col 2:23	οὐκ	οὐ	D-	--------
Col 2:23	ἐν	ἐν	P-	--------
Col 2:23	τιμῇ	τιμή	N-	----DSF-
Col 2:23	τινι	τις	RI	----DSF-
Col 2:23	πρὸς	πρός	P-	--------
Col 2:23	πλησμονὴν	πλησμονή	N-	----ASF-
Col 2:23	τῆς	ὁ	RA	----GSF-
Col 2:23	σαρκός	σάρξ	N-	----GSF-
Col 3:1	Εἰ	εἰ	C-	--------
Col 3:1	οὖν	οὖν	C-	--------
Col 3:1	συνηγέρθητε	συνεγείρω	V-	2API-P--
Col 3:1	τῷ	ὁ	RA	----DSM-
Col 3:1	Χριστῷ	Χριστός	N-	----DSM-
Col 3:1	τὰ	ὁ	RA	----APN-
Col 3:1	ἄνω	ἄνω	D-	--------
Col 3:1	ζητεῖτε	ζητέω	V-	2PAD-P--
Col 3:1	οὗ	οὗ	D-	--------
Col 3:1	ὁ	ὁ	RA	----NSM-
Col 3:1	Χριστός	Χριστός	N-	----NSM-
Col 3:1	ἐστιν	εἰμί	V-	3PAI-S--
Col 3:1	ἐν	ἐν	P-	--------
Col 3:1	δεξιᾷ	δεξιός	A-	----DSF-
Col 3:1	τοῦ	ὁ	RA	----GSM-
Col 3:1	θεοῦ	θεός	N-	----GSM-
Col 3:1	καθήμενος	κάθημαι	V-	-PMPNSM-
Col 3:2	τὰ	ὁ	RA	----APN-
Col 3:2	ἄνω	ἄνω	D-	--------
Col 3:2	φρονεῖτε	φρονέω	V-	2PAD-P--
Col 3:2	μὴ	μή	D-	--------
Col 3:2	τὰ	ὁ	RA	----APN-
Col 3:2	ἐπὶ	ἐπί	P-	--------
Col 3:2	τῆς	ὁ	RA	----GSF-
Col 3:2	γῆς	γῆ	N-	----GSF-
Col 3:3	ἀπεθάνετε	ἀποθνῄσκω	V-	2AAI-P--
Col 3:3	γάρ	γάρ	C-	--------
Col 3:3	καὶ	καί	C-	--------
Col 3:3	ἡ	ὁ	RA	----NSF-
Col 3:3	ζωὴ	ζωή	N-	----NSF-
Col 3:3	ὑμῶν	σύ	RP	----GP--
Col 3:3	κέκρυπται	κρύπτω	V-	3XPI-S--
Col 3:3	σὺν	σύν	P-	--------
Col 3:3	τῷ	ὁ	RA	----DSM-
Col 3:3	Χριστῷ	Χριστός	N-	----DSM-
Col 3:3	ἐν	ἐν	P-	--------
Col 3:3	τῷ	ὁ	RA	----DSM-
Col 3:3	θεῷ	θεός	N-	----DSM-
Col 3:4	ὅταν	ὅταν	C-	--------
Col 3:4	ὁ	ὁ	RA	----NSM-
Col 3:4	Χριστὸς	Χριστός	N-	----NSM-
Col 3:4	φανερωθῇ	φανερόω	V-	3APS-S--
Col 3:4	ἡ	ὁ	RA	----NSF-
Col 3:4	ζωὴ	ζωή	N-	----NSF-
Col 3:4	ὑμῶν	σύ	RP	----GP--
Col 3:4	τότε	τότε	D-	--------
Col 3:4	καὶ	καί	D-	--------
Col 3:4	ὑμεῖς	σύ	RP	----NP--
Col 3:4	σὺν	σύν	P-	--------
Col 3:4	αὐτῷ	αὐτός	RP	----DSM-
Col 3:4	φανερωθήσεσθε	φανερόω	V-	2FPI-P--
Col 3:4	ἐν	ἐν	P-	--------
Col 3:4	δόξῃ	δόξα	N-	----DSF-
Col 3:5	Νεκρώσατε	νεκρόω	V-	2AAD-P--
Col 3:5	οὖν	οὖν	C-	--------
Col 3:5	τὰ	ὁ	RA	----APN-
Col 3:5	μέλη	μέλος	N-	----APN-
Col 3:5	τὰ	ὁ	RA	----APN-
Col 3:5	ἐπὶ	ἐπί	P-	--------
Col 3:5	τῆς	ὁ	RA	----GSF-
Col 3:5	γῆς	γῆ	N-	----GSF-
Col 3:5	πορνείαν	πορνεία	N-	----ASF-
Col 3:5	ἀκαθαρσίαν	ἀκαθαρσία	N-	----ASF-
Col 3:5	πάθος	πάθος	N-	----ASN-
Col 3:5	ἐπιθυμίαν	ἐπιθυμία	N-	----ASF-
Col 3:5	κακήν	κακός	A-	----ASF-
Col 3:5	καὶ	καί	C-	--------
Col 3:5	τὴν	ὁ	RA	----ASF-
Col 3:5	πλεονεξίαν	πλεονεξία	N-	----ASF-
Col 3:5	ἥτις	ὅστις	RR	----NSF-
Col 3:5	ἐστὶν	εἰμί	V-	3PAI-S--
Col 3:5	εἰδωλολατρία	εἰδωλολατρία	N-	----NSF-
Col 3:6	δι’	διά	P-	--------
Col 3:6	ἃ	ὅς	RR	----APN-
Col 3:6	ἔρχεται	ἔρχομαι	V-	3PMI-S--
Col 3:6	ἡ	ὁ	RA	----NSF-
Col 3:6	ὀργὴ	ὀργή	N-	----NSF-
Col 3:6	τοῦ	ὁ	RA	----GSM-
Col 3:6	θεοῦ	θεός	N-	----GSM-
Col 3:6	ἐπὶ	ἐπί	P-	--------
Col 3:6	τοὺς	ὁ	RA	----APM-
Col 3:6	υἱοὺς	υἱός	N-	----APM-
Col 3:6	τῆς	ὁ	RA	----GSF-
Col 3:6	ἀπειθείας	ἀπείθεια	N-	----GSF-
Col 3:7	ἐν	ἐν	P-	--------
Col 3:7	οἷς	ὅς	RR	----DPN-
Col 3:7	καὶ	καί	D-	--------
Col 3:7	ὑμεῖς	σύ	RP	----NP--
Col 3:7	περιεπατήσατέ	περιπατέω	V-	2AAI-P--
Col 3:7	ποτε	ποτέ	D-	--------
Col 3:7	ὅτε	ὅτε	D-	--------
Col 3:7	ἐζῆτε	ζάω	V-	2IAI-P--
Col 3:7	ἐν	ἐν	P-	--------
Col 3:7	τούτοις	οὗτος	RD	----DPN-
Col 3:8	νυνὶ	νυνί	D-	--------
Col 3:8	δὲ	δέ	C-	--------
Col 3:8	ἀπόθεσθε	ἀποτίθημι	V-	2AMD-P--
Col 3:8	καὶ	καί	D-	--------
Col 3:8	ὑμεῖς	σύ	RP	----NP--
Col 3:8	τὰ	ὁ	RA	----APN-
Col 3:8	πάντα	πᾶς	A-	----APN-
Col 3:8	ὀργήν	ὀργή	N-	----ASF-
Col 3:8	θυμόν	θυμός	N-	----ASM-
Col 3:8	κακίαν	κακία	N-	----ASF-
Col 3:8	βλασφημίαν	βλασφημία	N-	----ASF-
Col 3:8	αἰσχρολογίαν	αἰσχρολογία	N-	----ASF-
Col 3:8	ἐκ	ἐκ	P-	--------
Col 3:8	τοῦ	ὁ	RA	----GSN-
Col 3:8	στόματος	στόμα	N-	----GSN-
Col 3:8	ὑμῶν	σύ	RP	----GP--
Col 3:9	μὴ	μή	D-	--------
Col 3:9	ψεύδεσθε	ψεύδομαι	V-	2PMD-P--
Col 3:9	εἰς	εἰς	P-	--------
Col 3:9	ἀλλήλους	ἀλλήλων	RP	----APM-
Col 3:9	ἀπεκδυσάμενοι	ἀπεκδύομαι	V-	-AMPNPM-
Col 3:9	τὸν	ὁ	RA	----ASM-
Col 3:9	παλαιὸν	παλαιός	A-	----ASM-
Col 3:9	ἄνθρωπον	ἄνθρωπος	N-	----ASM-
Col 3:9	σὺν	σύν	P-	--------
Col 3:9	ταῖς	ὁ	RA	----DPF-
Col 3:9	πράξεσιν	πρᾶξις	N-	----DPF-
Col 3:9	αὐτοῦ	αὐτός	RP	----GSM-
Col 3:10	καὶ	καί	C-	--------
Col 3:10	ἐνδυσάμενοι	ἐνδύω	V-	-AMPNPM-
Col 3:10	τὸν	ὁ	RA	----ASM-
Col 3:10	νέον	νέος	A-	----ASM-
Col 3:10	τὸν	ὁ	RA	----ASM-
Col 3:10	ἀνακαινούμενον	ἀνακαινόω	V-	-PPPASM-
Col 3:10	εἰς	εἰς	P-	--------
Col 3:10	ἐπίγνωσιν	ἐπίγνωσις	N-	----ASF-
Col 3:10	κατ’	κατά	P-	--------
Col 3:10	εἰκόνα	εἰκών	N-	----ASF-
Col 3:10	τοῦ	ὁ	RA	----GSM-
Col 3:10	κτίσαντος	κτίζω	V-	-AAPGSM-
Col 3:10	αὐτόν	αὐτός	RP	----ASM-
Col 3:11	ὅπου	ὅπου	C-	--------
Col 3:11	οὐκ	οὐ	D-	--------
Col 3:11	ἔνι	ἔνι	V-	3PAI-S--
Col 3:11	Ἕλλην	Ἕλλην	N-	----NSM-
Col 3:11	καὶ	καί	C-	--------
Col 3:11	Ἰουδαῖος	Ἰουδαῖος	A-	----NSM-
Col 3:11	περιτομὴ	περιτομή	N-	----NSF-
Col 3:11	καὶ	καί	C-	--------
Col 3:11	ἀκροβυστία	ἀκροβυστία	N-	----NSF-
Col 3:11	βάρβαρος	βάρβαρος	A-	----NSM-
Col 3:11	Σκύθης	Σκύθης	N-	----NSM-
Col 3:11	δοῦλος	δοῦλος	N-	----NSM-
Col 3:11	ἐλεύθερος	ἐλεύθερος	A-	----NSM-
Col 3:11	ἀλλὰ	ἀλλά	C-	--------
Col 3:11	τὰ	ὁ	RA	----NPN-
Col 3:11	πάντα	πᾶς	A-	----NPN-
Col 3:11	καὶ	καί	C-	--------
Col 3:11	ἐν	ἐν	P-	--------
Col 3:11	πᾶσιν	πᾶς	A-	----DPN-
Col 3:11	Χριστός	Χριστός	N-	----NSM-
Col 3:12	Ἐνδύσασθε	ἐνδύω	V-	2AMD-P--
Col 3:12	οὖν	οὖν	C-	--------
Col 3:12	ὡς	ὡς	C-	--------
Col 3:12	ἐκλεκτοὶ	ἐκλεκτός	A-	----NPM-
Col 3:12	τοῦ	ὁ	RA	----GSM-
Col 3:12	θεοῦ	θεός	N-	----GSM-
Col 3:12	ἅγιοι	ἅγιος	A-	----NPM-
Col 3:12	καὶ	καί	C-	--------
Col 3:12	ἠγαπημένοι	ἀγαπάω	V-	-XPPNPM-
Col 3:12	σπλάγχνα	σπλάγχνον	N-	----APN-
Col 3:12	οἰκτιρμοῦ	οἰκτιρμός	N-	----GSM-
Col 3:12	χρηστότητα	χρηστότης	N-	----ASF-
Col 3:12	ταπεινοφροσύνην	ταπεινοφροσύνη	N-	----ASF-
Col 3:12	πραΰτητα	πραΰτης	N-	----ASF-
Col 3:12	μακροθυμίαν	μακροθυμία	N-	----ASF-
Col 3:13	ἀνεχόμενοι	ἀνέχομαι	V-	-PMPNPM-
Col 3:13	ἀλλήλων	ἀλλήλων	RP	----GPM-
Col 3:13	καὶ	καί	C-	--------
Col 3:13	χαριζόμενοι	χαρίζομαι	V-	-PMPNPM-
Col 3:13	ἑαυτοῖς	ἑαυτοῦ	RP	----DPM-
Col 3:13	ἐάν	ἐάν	C-	--------
Col 3:13	τις	τις	RI	----NSM-
Col 3:13	πρός	πρός	P-	--------
Col 3:13	τινα	τις	RI	----ASM-
Col 3:13	ἔχῃ	ἔχω	V-	3PAS-S--
Col 3:13	μομφήν	μομφή	N-	----ASF-
Col 3:13	καθὼς	καθώς	C-	--------
Col 3:13	καὶ	καί	D-	--------
Col 3:13	ὁ	ὁ	RA	----NSM-
Col 3:13	κύριος	κύριος	N-	----NSM-
Col 3:13	ἐχαρίσατο	χαρίζομαι	V-	3AMI-S--
Col 3:13	ὑμῖν	σύ	RP	----DP--
Col 3:13	οὕτως	οὕτω(ς)	D-	--------
Col 3:13	καὶ	καί	D-	--------
Col 3:13	ὑμεῖς	σύ	RP	----NP--
Col 3:14	ἐπὶ	ἐπί	P-	--------
Col 3:14	πᾶσιν	πᾶς	A-	----DPN-
Col 3:14	δὲ	δέ	C-	--------
Col 3:14	τούτοις	οὗτος	RD	----DPN-
Col 3:14	τὴν	ὁ	RA	----ASF-
Col 3:14	ἀγάπην	ἀγάπη	N-	----ASF-
Col 3:14	ὅ	ὅς	RR	----NSN-
Col 3:14	ἐστιν	εἰμί	V-	3PAI-S--
Col 3:14	σύνδεσμος	σύνδεσμος	N-	----NSM-
Col 3:14	τῆς	ὁ	RA	----GSF-
Col 3:14	τελειότητος	τελειότης	N-	----GSF-
Col 3:15	καὶ	καί	C-	--------
Col 3:15	ἡ	ὁ	RA	----NSF-
Col 3:15	εἰρήνη	εἰρήνη	N-	----NSF-
Col 3:15	τοῦ	ὁ	RA	----GSM-
Col 3:15	Χριστοῦ	Χριστός	N-	----GSM-
Col 3:15	βραβευέτω	βραβεύω	V-	3PAD-S--
Col 3:15	ἐν	ἐν	P-	--------
Col 3:15	ταῖς	ὁ	RA	----DPF-
Col 3:15	καρδίαις	καρδία	N-	----DPF-
Col 3:15	ὑμῶν	σύ	RP	----GP--
Col 3:15	εἰς	εἰς	P-	--------
Col 3:15	ἣν	ὅς	RR	----ASF-
Col 3:15	καὶ	καί	D-	--------
Col 3:15	ἐκλήθητε	καλέω	V-	2API-P--
Col 3:15	ἐν	ἐν	P-	--------
Col 3:15	ἑνὶ	εἷς	A-	----DSN-
Col 3:15	σώματι	σῶμα	N-	----DSN-
Col 3:15	καὶ	καί	C-	--------
Col 3:15	εὐχάριστοι	εὐχάριστος	A-	----NPM-
Col 3:15	γίνεσθε	γίνομαι	V-	2PMD-P--
Col 3:16	ὁ	ὁ	RA	----NSM-
Col 3:16	λόγος	λόγος	N-	----NSM-
Col 3:16	τοῦ	ὁ	RA	----GSM-
Col 3:16	Χριστοῦ	Χριστός	N-	----GSM-
Col 3:16	ἐνοικείτω	ἐνοικέω	V-	3PAD-S--
Col 3:16	ἐν	ἐν	P-	--------
Col 3:16	ὑμῖν	σύ	RP	----DP--
Col 3:16	πλουσίως	πλουσίως	D-	--------
Col 3:16	ἐν	ἐν	P-	--------
Col 3:16	πάσῃ	πᾶς	A-	----DSF-
Col 3:16	σοφίᾳ	σοφία	N-	----DSF-
Col 3:16	διδάσκοντες	διδάσκω	V-	-PAPNPM-
Col 3:16	καὶ	καί	C-	--------
Col 3:16	νουθετοῦντες	νουθετέω	V-	-PAPNPM-
Col 3:16	ἑαυτοὺς	ἑαυτοῦ	RP	----APM-
Col 3:16	ψαλμοῖς	ψαλμός	N-	----DPM-
Col 3:16	ὕμνοις	ὕμνος	N-	----DPM-
Col 3:16	ᾠδαῖς	ᾠδή	N-	----DPF-
Col 3:16	πνευματικαῖς	πνευματικός	A-	----DPF-
Col 3:16	ἐν	ἐν	P-	--------
Col 3:16	χάριτι	χάρις	N-	----DSF-
Col 3:16	ᾄδοντες	ᾄδω	V-	-PAPNPM-
Col 3:16	ἐν	ἐν	P-	--------
Col 3:16	ταῖς	ὁ	RA	----DPF-
Col 3:16	καρδίαις	καρδία	N-	----DPF-
Col 3:16	ὑμῶν	σύ	RP	----GP--
Col 3:16	τῷ	ὁ	RA	----DSM-
Col 3:16	θεῷ	θεός	N-	----DSM-
Col 3:17	καὶ	καί	C-	--------
Col 3:17	πᾶν	πᾶς	A-	----ASN-
Col 3:17	ὅ	ὅς	RR	----ASN-
Col 3:17	τι	τις	RI	----ASN-
Col 3:17	ἐὰν	ἐάν	X-	--------
Col 3:17	ποιῆτε	ποιέω	V-	2PAS-P--
Col 3:17	ἐν	ἐν	P-	--------
Col 3:17	λόγῳ	λόγος	N-	----DSM-
Col 3:17	ἢ	ἤ	C-	--------
Col 3:17	ἐν	ἐν	P-	--------
Col 3:17	ἔργῳ	ἔργον	N-	----DSN-
Col 3:17	πάντα	πᾶς	A-	----APN-
Col 3:17	ἐν	ἐν	P-	--------
Col 3:17	ὀνόματι	ὄνομα	N-	----DSN-
Col 3:17	κυρίου	κύριος	N-	----GSM-
Col 3:17	Ἰησοῦ	Ἰησοῦς	N-	----GSM-
Col 3:17	εὐχαριστοῦντες	εὐχαριστέω	V-	-PAPNPM-
Col 3:17	τῷ	ὁ	RA	----DSM-
Col 3:17	θεῷ	θεός	N-	----DSM-
Col 3:17	πατρὶ	πατήρ	N-	----DSM-
Col 3:17	δι’	διά	P-	--------
Col 3:17	αὐτοῦ	αὐτός	RP	----GSM-
Col 3:18	Αἱ	ὁ	RA	----NPF-
Col 3:18	γυναῖκες	γυνή	N-	----NPF-
Col 3:18	ὑποτάσσεσθε	ὑποτάσσω	V-	2PPD-P--
Col 3:18	τοῖς	ὁ	RA	----DPM-
Col 3:18	ἀνδράσιν	ἀνήρ	N-	----DPM-
Col 3:18	ὡς	ὡς	C-	--------
Col 3:18	ἀνῆκεν	ἀνήκω	V-	3IAI-S--
Col 3:18	ἐν	ἐν	P-	--------
Col 3:18	κυρίῳ	κύριος	N-	----DSM-
Col 3:19	οἱ	ὁ	RA	----NPM-
Col 3:19	ἄνδρες	ἀνήρ	N-	----NPM-
Col 3:19	ἀγαπᾶτε	ἀγαπάω	V-	2PAD-P--
Col 3:19	τὰς	ὁ	RA	----APF-
Col 3:19	γυναῖκας	γυνή	N-	----APF-
Col 3:19	καὶ	καί	C-	--------
Col 3:19	μὴ	μή	D-	--------
Col 3:19	πικραίνεσθε	πικραίνω	V-	2PPD-P--
Col 3:19	πρὸς	πρός	P-	--------
Col 3:19	αὐτάς	αὐτός	RP	----APF-
Col 3:20	Τὰ	ὁ	RA	----NPN-
Col 3:20	τέκνα	τέκνον	N-	----NPN-
Col 3:20	ὑπακούετε	ὑπακούω	V-	2PAD-P--
Col 3:20	τοῖς	ὁ	RA	----DPM-
Col 3:20	γονεῦσιν	γονεύς	N-	----DPM-
Col 3:20	κατὰ	κατά	P-	--------
Col 3:20	πάντα	πᾶς	A-	----APN-
Col 3:20	τοῦτο	οὗτος	RD	----NSN-
Col 3:20	γὰρ	γάρ	C-	--------
Col 3:20	εὐάρεστόν	εὐάρεστος	A-	----NSN-
Col 3:20	ἐστιν	εἰμί	V-	3PAI-S--
Col 3:20	ἐν	ἐν	P-	--------
Col 3:20	κυρίῳ	κύριος	N-	----DSM-
Col 3:21	οἱ	ὁ	RA	----NPM-
Col 3:21	πατέρες	πατήρ	N-	----NPM-
Col 3:21	μὴ	μή	D-	--------
Col 3:21	ἐρεθίζετε	ἐρεθίζω	V-	2PAD-P--
Col 3:21	τὰ	ὁ	RA	----APN-
Col 3:21	τέκνα	τέκνον	N-	----APN-
Col 3:21	ὑμῶν	σύ	RP	----GP--
Col 3:21	ἵνα	ἵνα	C-	--------
Col 3:21	μὴ	μή	D-	--------
Col 3:21	ἀθυμῶσιν	ἀθυμέω	V-	3PAS-P--
Col 3:22	οἱ	ὁ	RA	----NPM-
Col 3:22	δοῦλοι	δοῦλος	N-	----NPM-
Col 3:22	ὑπακούετε	ὑπακούω	V-	2PAD-P--
Col 3:22	κατὰ	κατά	P-	--------
Col 3:22	πάντα	πᾶς	A-	----APN-
Col 3:22	τοῖς	ὁ	RA	----DPM-
Col 3:22	κατὰ	κατά	P-	--------
Col 3:22	σάρκα	σάρξ	N-	----ASF-
Col 3:22	κυρίοις	κύριος	N-	----DPM-
Col 3:22	μὴ	μή	D-	--------
Col 3:22	ἐν	ἐν	P-	--------
Col 3:22	ὀφθαλμοδουλίαις	ὀφθαλμοδουλία	N-	----DPF-
Col 3:22	ὡς	ὡς	C-	--------
Col 3:22	ἀνθρωπάρεσκοι	ἀνθρωπάρεσκος	A-	----NPM-
Col 3:22	ἀλλ’	ἀλλά	C-	--------
Col 3:22	ἐν	ἐν	P-	--------
Col 3:22	ἁπλότητι	ἁπλότης	N-	----DSF-
Col 3:22	καρδίας	καρδία	N-	----GSF-
Col 3:22	φοβούμενοι	φοβέομαι	V-	-PMPNPM-
Col 3:22	τὸν	ὁ	RA	----ASM-
Col 3:22	κύριον	κύριος	N-	----ASM-
Col 3:23	ὃ	ὅς	RR	----ASN-
Col 3:23	ἐὰν	ἐάν	X-	--------
Col 3:23	ποιῆτε	ποιέω	V-	2PAS-P--
Col 3:23	ἐκ	ἐκ	P-	--------
Col 3:23	ψυχῆς	ψυχή	N-	----GSF-
Col 3:23	ἐργάζεσθε	ἐργάζομαι	V-	2PMD-P--
Col 3:23	ὡς	ὡς	C-	--------
Col 3:23	τῷ	ὁ	RA	----DSM-
Col 3:23	κυρίῳ	κύριος	N-	----DSM-
Col 3:23	καὶ	καί	C-	--------
Col 3:23	οὐκ	οὐ	D-	--------
Col 3:23	ἀνθρώποις	ἄνθρωπος	N-	----DPM-
Col 3:24	εἰδότες	οἶδα	V-	-XAPNPM-
Col 3:24	ὅτι	ὅτι	C-	--------
Col 3:24	ἀπὸ	ἀπό	P-	--------
Col 3:24	κυρίου	κύριος	N-	----GSM-
Col 3:24	ἀπολήμψεσθε	ἀπολαμβάνω	V-	2FMI-P--
Col 3:24	τὴν	ὁ	RA	----ASF-
Col 3:24	ἀνταπόδοσιν	ἀνταπόδοσις	N-	----ASF-
Col 3:24	τῆς	ὁ	RA	----GSF-
Col 3:24	κληρονομίας	κληρονομία	N-	----GSF-
Col 3:24	τῷ	ὁ	RA	----DSM-
Col 3:24	κυρίῳ	κύριος	N-	----DSM-
Col 3:24	Χριστῷ	Χριστός	N-	----DSM-
Col 3:24	δουλεύετε	δουλεύω	V-	2PAD-P--
Col 3:25	ὁ	ὁ	RA	----NSM-
Col 3:25	γὰρ	γάρ	C-	--------
Col 3:25	ἀδικῶν	ἀδικέω	V-	-PAPNSM-
Col 3:25	κομίσεται	κομίζω	V-	3FMI-S--
Col 3:25	ὃ	ὅς	RR	----ASN-
Col 3:25	ἠδίκησεν	ἀδικέω	V-	3AAI-S--
Col 3:25	καὶ	καί	C-	--------
Col 3:25	οὐκ	οὐ	D-	--------
Col 3:25	ἔστιν	εἰμί	V-	3PAI-S--
Col 3:25	προσωπολημψία	προσωπολημψία	N-	----NSF-
Col 4:1	οἱ	ὁ	RA	----NPM-
Col 4:1	κύριοι	κύριος	N-	----NPM-
Col 4:1	τὸ	ὁ	RA	----ASN-
Col 4:1	δίκαιον	δίκαιος	A-	----ASN-
Col 4:1	καὶ	καί	C-	--------
Col 4:1	τὴν	ὁ	RA	----ASF-
Col 4:1	ἰσότητα	ἰσότης	N-	----ASF-
Col 4:1	τοῖς	ὁ	RA	----DPM-
Col 4:1	δούλοις	δοῦλος	N-	----DPM-
Col 4:1	παρέχεσθε	παρέχω	V-	2PMD-P--
Col 4:1	εἰδότες	οἶδα	V-	-XAPNPM-
Col 4:1	ὅτι	ὅτι	C-	--------
Col 4:1	καὶ	καί	D-	--------
Col 4:1	ὑμεῖς	σύ	RP	----NP--
Col 4:1	ἔχετε	ἔχω	V-	2PAI-P--
Col 4:1	κύριον	κύριος	N-	----ASM-
Col 4:1	ἐν	ἐν	P-	--------
Col 4:1	οὐρανῷ	οὐρανός	N-	----DSM-
Col 4:2	Τῇ	ὁ	RA	----DSF-
Col 4:2	προσευχῇ	προσευχή	N-	----DSF-
Col 4:2	προσκαρτερεῖτε	προσκαρτερέω	V-	2PAD-P--
Col 4:2	γρηγοροῦντες	γρηγορέω	V-	-PAPNPM-
Col 4:2	ἐν	ἐν	P-	--------
Col 4:2	αὐτῇ	αὐτός	RP	----DSF-
Col 4:2	ἐν	ἐν	P-	--------
Col 4:2	εὐχαριστίᾳ	εὐχαριστία	N-	----DSF-
Col 4:3	προσευχόμενοι	προσεύχομαι	V-	-PMPNPM-
Col 4:3	ἅμα	ἅμα	D-	--------
Col 4:3	καὶ	καί	D-	--------
Col 4:3	περὶ	περί	P-	--------
Col 4:3	ἡμῶν	ἐγώ	RP	----GP--
Col 4:3	ἵνα	ἵνα	C-	--------
Col 4:3	ὁ	ὁ	RA	----NSM-
Col 4:3	θεὸς	θεός	N-	----NSM-
Col 4:3	ἀνοίξῃ	ἀνοίγω	V-	3AAS-S--
Col 4:3	ἡμῖν	ἐγώ	RP	----DP--
Col 4:3	θύραν	θύρα	N-	----ASF-
Col 4:3	τοῦ	ὁ	RA	----GSM-
Col 4:3	λόγου	λόγος	N-	----GSM-
Col 4:3	λαλῆσαι	λαλέω	V-	-AAN----
Col 4:3	τὸ	ὁ	RA	----ASN-
Col 4:3	μυστήριον	μυστήριον	N-	----ASN-
Col 4:3	τοῦ	ὁ	RA	----GSM-
Col 4:3	Χριστοῦ	Χριστός	N-	----GSM-
Col 4:3	δι’	διά	P-	--------
Col 4:3	ὃ	ὅς	RR	----ASN-
Col 4:3	καὶ	καί	D-	--------
Col 4:3	δέδεμαι	δέω	V-	1XPI-S--
Col 4:4	ἵνα	ἵνα	C-	--------
Col 4:4	φανερώσω	φανερόω	V-	1AAS-S--
Col 4:4	αὐτὸ	αὐτός	RP	----ASN-
Col 4:4	ὡς	ὡς	C-	--------
Col 4:4	δεῖ	δέω	V-	3PAI-S--
Col 4:4	με	ἐγώ	RP	----AS--
Col 4:4	λαλῆσαι	λαλέω	V-	-AAN----
Col 4:5	Ἐν	ἐν	P-	--------
Col 4:5	σοφίᾳ	σοφία	N-	----DSF-
Col 4:5	περιπατεῖτε	περιπατέω	V-	2PAD-P--
Col 4:5	πρὸς	πρός	P-	--------
Col 4:5	τοὺς	ὁ	RA	----APM-
Col 4:5	ἔξω	ἔξω	D-	--------
Col 4:5	τὸν	ὁ	RA	----ASM-
Col 4:5	καιρὸν	καιρός	N-	----ASM-
Col 4:5	ἐξαγοραζόμενοι	ἐξαγοράζω	V-	-PMPNPM-
Col 4:6	ὁ	ὁ	RA	----NSM-
Col 4:6	λόγος	λόγος	N-	----NSM-
Col 4:6	ὑμῶν	σύ	RP	----GP--
Col 4:6	πάντοτε	πάντοτε	D-	--------
Col 4:6	ἐν	ἐν	P-	--------
Col 4:6	χάριτι	χάρις	N-	----DSF-
Col 4:6	ἅλατι	ἅλας	N-	----DSN-
Col 4:6	ἠρτυμένος	ἀρτύω	V-	-XPPNSM-
Col 4:6	εἰδέναι	οἶδα	V-	-XAN----
Col 4:6	πῶς	πῶς	D-	--------
Col 4:6	δεῖ	δέω	V-	3PAI-S--
Col 4:6	ὑμᾶς	σύ	RP	----AP--
Col 4:6	ἑνὶ	εἷς	A-	----DSM-
Col 4:6	ἑκάστῳ	ἕκαστος	A-	----DSM-
Col 4:6	ἀποκρίνεσθαι	ἀποκρίνομαι	V-	-PMN----
Col 4:7	Τὰ	ὁ	RA	----APN-
Col 4:7	κατ’	κατά	P-	--------
Col 4:7	ἐμὲ	ἐγώ	RP	----AS--
Col 4:7	πάντα	πᾶς	A-	----APN-
Col 4:7	γνωρίσει	γνωρίζω	V-	3FAI-S--
Col 4:7	ὑμῖν	σύ	RP	----DP--
Col 4:7	Τυχικὸς	Τυχικός	N-	----NSM-
Col 4:7	ὁ	ὁ	RA	----NSM-
Col 4:7	ἀγαπητὸς	ἀγαπητός	A-	----NSM-
Col 4:7	ἀδελφὸς	ἀδελφός	N-	----NSM-
Col 4:7	καὶ	καί	C-	--------
Col 4:7	πιστὸς	πιστός	A-	----NSM-
Col 4:7	διάκονος	διάκονος	N-	----NSM-
Col 4:7	καὶ	καί	C-	--------
Col 4:7	σύνδουλος	σύνδουλος	N-	----NSM-
Col 4:7	ἐν	ἐν	P-	--------
Col 4:7	κυρίῳ	κύριος	N-	----DSM-
Col 4:8	ὃν	ὅς	RR	----ASM-
Col 4:8	ἔπεμψα	πέμπω	V-	1AAI-S--
Col 4:8	πρὸς	πρός	P-	--------
Col 4:8	ὑμᾶς	σύ	RP	----AP--
Col 4:8	εἰς	εἰς	P-	--------
Col 4:8	αὐτὸ	αὐτός	A-	----ASN-
Col 4:8	τοῦτο	οὗτος	RD	----ASN-
Col 4:8	ἵνα	ἵνα	C-	--------
Col 4:8	γνῶτε	γινώσκω	V-	2AAS-P--
Col 4:8	τὰ	ὁ	RA	----APN-
Col 4:8	περὶ	περί	P-	--------
Col 4:8	ἡμῶν	ἐγώ	RP	----GP--
Col 4:8	καὶ	καί	C-	--------
Col 4:8	παρακαλέσῃ	παρακαλέω	V-	3PAS-S--
Col 4:8	τὰς	ὁ	RA	----APF-
Col 4:8	καρδίας	καρδία	N-	----APF-
Col 4:8	ὑμῶν	σύ	RP	----GP--
Col 4:9	σὺν	σύν	P-	--------
Col 4:9	Ὀνησίμῳ	Ὀνήσιμος	N-	----DSM-
Col 4:9	τῷ	ὁ	RA	----DSM-
Col 4:9	πιστῷ	πιστός	A-	----DSM-
Col 4:9	καὶ	καί	C-	--------
Col 4:9	ἀγαπητῷ	ἀγαπητός	A-	----DSM-
Col 4:9	ἀδελφῷ	ἀδελφός	N-	----DSM-
Col 4:9	ὅς	ὅς	RR	----NSM-
Col 4:9	ἐστιν	εἰμί	V-	3PAI-S--
Col 4:9	ἐξ	ἐκ	P-	--------
Col 4:9	ὑμῶν	σύ	RP	----GP--
Col 4:9	πάντα	πᾶς	A-	----APN-
Col 4:9	ὑμῖν	σύ	RP	----DP--
Col 4:9	γνωρίσουσιν	γνωρίζω	V-	3FAI-P--
Col 4:9	τὰ	ὁ	RA	----APN-
Col 4:9	ὧδε	ὧδε	D-	--------
Col 4:10	Ἀσπάζεται	ἀσπάζομαι	V-	3PMI-S--
Col 4:10	ὑμᾶς	σύ	RP	----AP--
Col 4:10	Ἀρίσταρχος	Ἀρίσταρχος	N-	----NSM-
Col 4:10	ὁ	ὁ	RA	----NSM-
Col 4:10	συναιχμάλωτός	συναιχμάλωτος	N-	----NSM-
Col 4:10	μου	ἐγώ	RP	----GS--
Col 4:10	καὶ	καί	C-	--------
Col 4:10	Μᾶρκος	Μᾶρκος	N-	----NSM-
Col 4:10	ὁ	ὁ	RA	----NSM-
Col 4:10	ἀνεψιὸς	ἀνεψιός	N-	----NSM-
Col 4:10	Βαρναβᾶ	Βαρναβᾶς	N-	----GSM-
Col 4:10	περὶ	περί	P-	--------
Col 4:10	οὗ	ὅς	RR	----GSM-
Col 4:10	ἐλάβετε	λαμβάνω	V-	2AAI-P--
Col 4:10	ἐντολάς	ἐντολή	N-	----APF-
Col 4:10	ἐὰν	ἐάν	C-	--------
Col 4:10	ἔλθῃ	ἔρχομαι	V-	3AAS-S--
Col 4:10	πρὸς	πρός	P-	--------
Col 4:10	ὑμᾶς	σύ	RP	----AP--
Col 4:10	δέξασθε	δέχομαι	V-	2AMD-P--
Col 4:10	αὐτόν	αὐτός	RP	----ASM-
Col 4:11	καὶ	καί	C-	--------
Col 4:11	Ἰησοῦς	Ἰησοῦς	N-	----NSM-
Col 4:11	ὁ	ὁ	RA	----NSM-
Col 4:11	λεγόμενος	λέγω	V-	-PPPNSM-
Col 4:11	Ἰοῦστος	Ἰοῦστος	N-	----NSM-
Col 4:11	οἱ	ὁ	RA	----NPM-
Col 4:11	ὄντες	εἰμί	V-	-PAPNPM-
Col 4:11	ἐκ	ἐκ	P-	--------
Col 4:11	περιτομῆς	περιτομή	N-	----GSF-
Col 4:11	οὗτοι	οὗτος	RD	----NPM-
Col 4:11	μόνοι	μόνος	A-	----NPM-
Col 4:11	συνεργοὶ	συνεργός	A-	----NPM-
Col 4:11	εἰς	εἰς	P-	--------
Col 4:11	τὴν	ὁ	RA	----ASF-
Col 4:11	βασιλείαν	βασιλεία	N-	----ASF-
Col 4:11	τοῦ	ὁ	RA	----GSM-
Col 4:11	θεοῦ	θεός	N-	----GSM-
Col 4:11	οἵτινες	ὅστις	RR	----NPM-
Col 4:11	ἐγενήθησάν	γίνομαι	V-	3API-P--
Col 4:11	μοι	ἐγώ	RP	----DS--
Col 4:11	παρηγορία	παρηγορία	N-	----NSF-
Col 4:12	ἀσπάζεται	ἀσπάζομαι	V-	3PMI-S--
Col 4:12	ὑμᾶς	σύ	RP	----AP--
Col 4:12	Ἐπαφρᾶς	Ἐπαφρᾶς	N-	----NSM-
Col 4:12	ὁ	ὁ	RA	----NSM-
Col 4:12	ἐξ	ἐκ	P-	--------
Col 4:12	ὑμῶν	σύ	RP	----GP--
Col 4:12	δοῦλος	δοῦλος	N-	----NSM-
Col 4:12	Χριστοῦ	Χριστός	N-	----GSM-
Col 4:12	πάντοτε	πάντοτε	D-	--------
Col 4:12	ἀγωνιζόμενος	ἀγωνίζομαι	V-	-PMPNSM-
Col 4:12	ὑπὲρ	ὑπέρ	P-	--------
Col 4:12	ὑμῶν	σύ	RP	----GP--
Col 4:12	ἐν	ἐν	P-	--------
Col 4:12	ταῖς	ὁ	RA	----DPF-
Col 4:12	προσευχαῖς	προσευχή	N-	----DPF-
Col 4:12	ἵνα	ἵνα	D-	--------
Col 4:12	σταθῆτε	ἵστημι	V-	2APS-P--
Col 4:12	τέλειοι	τέλειος	A-	----NPM-
Col 4:12	καὶ	καί	C-	--------
Col 4:12	πεπληροφορημένοι	πληροφορέω	V-	-XPPNPM-
Col 4:12	ἐν	ἐν	P-	--------
Col 4:12	παντὶ	πᾶς	A-	----DSN-
Col 4:12	θελήματι	θέλημα	N-	----DSN-
Col 4:12	τοῦ	ὁ	RA	----GSM-
Col 4:12	θεοῦ	θεός	N-	----GSM-
Col 4:13	μαρτυρῶ	μαρτυρέω	V-	1PAI-S--
Col 4:13	γὰρ	γάρ	C-	--------
Col 4:13	αὐτῷ	αὐτός	RP	----DSM-
Col 4:13	ὅτι	ὅτι	C-	--------
Col 4:13	ἔχει	ἔχω	V-	3PAI-S--
Col 4:13	πολὺν	πολύς	A-	----ASM-
Col 4:13	πόνον	πόνος	N-	----ASM-
Col 4:13	ὑπὲρ	ὑπέρ	P-	--------
Col 4:13	ὑμῶν	σύ	RP	----GP--
Col 4:13	καὶ	καί	C-	--------
Col 4:13	τῶν	ὁ	RA	----GPM-
Col 4:13	ἐν	ἐν	P-	--------
Col 4:13	Λαοδικείᾳ	Λαοδίκεια	N-	----DSF-
Col 4:13	καὶ	καί	C-	--------
Col 4:13	τῶν	ὁ	RA	----GPM-
Col 4:13	ἐν	ἐν	P-	--------
Col 4:13	Ἱεραπόλει	Ἱεράπολις	N-	----DSF-
Col 4:14	ἀσπάζεται	ἀσπάζομαι	V-	3PMI-S--
Col 4:14	ὑμᾶς	σύ	RP	----AP--
Col 4:14	Λουκᾶς	Λουκᾶς	N-	----NSM-
Col 4:14	ὁ	ὁ	RA	----NSM-
Col 4:14	ἰατρὸς	ἰατρός	N-	----NSM-
Col 4:14	ὁ	ὁ	RA	----NSM-
Col 4:14	ἀγαπητὸς	ἀγαπητός	A-	----NSM-
Col 4:14	καὶ	καί	C-	--------
Col 4:14	Δημᾶς	Δημᾶς	N-	----NSM-
Col 4:15	ἀσπάσασθε	ἀσπάζομαι	V-	2AMD-P--
Col 4:15	τοὺς	ὁ	RA	----APM-
Col 4:15	ἐν	ἐν	P-	--------
Col 4:15	Λαοδικείᾳ	Λαοδίκεια	N-	----DSF-
Col 4:15	ἀδελφοὺς	ἀδελφός	N-	----APM-
Col 4:15	καὶ	καί	C-	--------
Col 4:15	Νύμφαν	Νύμφα	N-	----ASF-
Col 4:15	καὶ	καί	C-	--------
Col 4:15	τὴν	ὁ	RA	----ASF-
Col 4:15	κατ’	κατά	P-	--------
Col 4:15	οἶκον	οἶκος	N-	----ASM-
Col 4:15	αὐτῆς	αὐτός	RP	----GSF-
Col 4:15	ἐκκλησίαν	ἐκκλησία	N-	----ASF-
Col 4:16	καὶ	καί	C-	--------
Col 4:16	ὅταν	ὅταν	C-	--------
Col 4:16	ἀναγνωσθῇ	ἀναγινώσκω	V-	3APS-S--
Col 4:16	παρ’	παρά	P-	--------
Col 4:16	ὑμῖν	σύ	RP	----DP--
Col 4:16	ἡ	ὁ	RA	----NSF-
Col 4:16	ἐπιστολή	ἐπιστολή	N-	----NSF-
Col 4:16	ποιήσατε	ποιέω	V-	2AAD-P--
Col 4:16	ἵνα	ἵνα	C-	--------
Col 4:16	καὶ	καί	D-	--------
Col 4:16	ἐν	ἐν	P-	--------
Col 4:16	τῇ	ὁ	RA	----DSF-
Col 4:16	Λαοδικέων	Λαοδικεύς	N-	----GPM-
Col 4:16	ἐκκλησίᾳ	ἐκκλησία	N-	----DSF-
Col 4:16	ἀναγνωσθῇ	ἀναγινώσκω	V-	3APS-S--
Col 4:16	καὶ	καί	C-	--------
Col 4:16	τὴν	ὁ	RA	----ASF-
Col 4:16	ἐκ	ἐκ	P-	--------
Col 4:16	Λαοδικείας	Λαοδίκεια	N-	----GSF-
Col 4:16	ἵνα	ἵνα	C-	--------
Col 4:16	καὶ	καί	D-	--------
Col 4:16	ὑμεῖς	σύ	RP	----NP--
Col 4:16	ἀναγνῶτε	ἀναγινώσκω	V-	2AAS-P--
Col 4:17	καὶ	καί	C-	--------
Col 4:17	εἴπατε	λέγω	V-	2AAD-P--
Col 4:17	Ἀρχίππῳ	Ἄρχιππος	N-	----DSM-
Col 4:17	Βλέπε	βλέπω	V-	2PAD-S--
Col 4:17	τὴν	ὁ	RA	----ASF-
Col 4:17	διακονίαν	διακονία	N-	----ASF-
Col 4:17	ἣν	ὅς	RR	----ASF-
Col 4:17	παρέλαβες	παραλαμβάνω	V-	2AAI-S--
Col 4:17	ἐν	ἐν	P-	--------
Col 4:17	κυρίῳ	κύριος	N-	----DSM-
Col 4:17	ἵνα	ἵνα	C-	--------
Col 4:17	αὐτὴν	αὐτός	RP	----ASF-
Col 4:17	πληροῖς	πληρόω	V-	2PAS-S--
Col 4:18	Ὁ	ὁ	RA	----NSM-
Col 4:18	ἀσπασμὸς	ἀσπασμός	N-	----NSM-
Col 4:18	τῇ	ὁ	RA	----DSF-
Col 4:18	ἐμῇ	ἐμός	A-	----DSF-
Col 4:18	χειρὶ	χείρ	N-	----DSF-
Col 4:18	Παύλου	Παῦλος	N-	----GSM-
Col 4:18	μνημονεύετέ	μνημονεύω	V-	2PAD-P--
Col 4:18	μου	ἐγώ	RP	----GS--
Col 4:18	τῶν	ὁ	RA	----GPM-
Col 4:18	δεσμῶν	δεσμός	N-	----GPM-
Col 4:18	ἡ	ὁ	RA	----NSF-
Col 4:18	χάρις	χάρις	N-	----NSF-
Col 4:18	μεθ’	μετά	P-	--------
Col 4:18	ὑμῶν	σύ	RP	----GP--
